titulo,preco,bairro,area,quartos,banheiros,vagas,finalidade,fonte,link
Casa pelo programa Minha Casa Minha Vida ,340000.0,Loteamento Recife,100.0,3,2,1,venda,OLX,https://pe.olx.com.br/regiao-de-petrolina-e-garanhuns/imoveis/casa-pelo-programa-minha-casa-minha-vida-1518282089
Vendo essa casa no bairro mandacaru,350000.0,Antonio Cassimiro,200.0,2,4,2,venda,OLX,https://pe.olx.com.br/regiao-de-petrolina-e-garanhuns/imoveis/vendo-essa-casa-no-bairro-mandacaru-1531770387
Casa na COHAB VI (Cohab São Francisco) ,660000.0,Cohab Sao Francisco,230.0,3,3,2,venda,OLX,https://pe.olx.com.br/regiao-de-petrolina-e-garanhuns/imoveis/casa-na-cohab-vi-cohab-sao-francisco-1523845117
22000 0,220000.0,Pedro Raimundo,200.0,2,1,1,venda,OLX,https://pe.olx.com.br/regiao-de-petrolina-e-garanhuns/imoveis/22000-0-1531745877
Imóvel para venda tem 162 metros quadrados com 3 quartos em João de Deus - Petrolina - PE,660000.0,Joao De Deus,162.0,3,2,2,venda,OLX,https://pe.olx.com.br/regiao-de-petrolina-e-garanhuns/imoveis/imovel-para-venda-tem-162-metros-quadrados-com-3-quartos-em-joao-de-deus-petrolina-pe-1531742158
Casa em condomínio ,1300000.0,Sao Jose,,4,5,2,venda,OLX,https://pe.olx.com.br/regiao-de-petrolina-e-garanhuns/imoveis/casa-em-condominio-1531731003
Apartamento Morada Movao | Petrolina-PE,240000.0,Centro,,2,1,1,venda,OLX,https://pe.olx.com.br/regiao-de-petrolina-e-garanhuns/imoveis/apartamento-morada-movao-petrolina-pe-1529158002
? APARTAMENTO À VENDA - MORADA DOS YPÊS | COHAB MASSANGANO - PETROLINA/PE,265000.0,Cohab Massangano,53.0,2,2,1,venda,OLX,https://pe.olx.com.br/regiao-de-petrolina-e-garanhuns/imoveis/apartamento-venda-morada-dos-ypes-cohab-massangano-petrolina-pe-1528262083
Casa pra vender ,320000.0,Jardim Maravilha,,5,3,1,venda,OLX,https://pe.olx.com.br/regiao-de-petrolina-e-garanhuns/imoveis/casa-pra-vender-1531730620
Vendo casa no bairro Vila Eulalia,365000.0,Vila Eulalia,120.0,3,2,1,venda,OLX,https://pe.olx.com.br/regiao-de-petrolina-e-garanhuns/imoveis/vendo-casa-no-bairro-vila-eulalia-1531730376
Apartamento à venda mobiliado ,300000.0,Atras Da Banca,50.0,2,2,1,venda,OLX,https://pe.olx.com.br/regiao-de-petrolina-e-garanhuns/imoveis/apartamento-a-venda-mobiliado-1465856929
"Casa à venda, 1 quarto, 2 suítes, 2 vagas, Vila Eduardo - Petrolina/PE",1200000.0,Vila Eduardo,180.0,1,1,2,venda,OLX,https://pe.olx.com.br/regiao-de-petrolina-e-garanhuns/imoveis/casa-a-venda-1-quarto-2-suites-2-vagas-vila-eduardo-petrolina-pe-1531660841
"Casa à venda, 4 quartos, 4 suítes no Condomínio Alphaville, Petrolina/PE.",1700000.0,Boa Esperanca,200.0,4,5,3,venda,OLX,https://pe.olx.com.br/regiao-de-petrolina-e-garanhuns/imoveis/casa-a-venda-4-quartos-4-suites-no-condominio-alphaville-petrolina-pe-1531576877
   Casa à Venda - Excelente Localização e Ótimo Preço,260000.0,Cohab Sao Francisco,100.0,3,2,1,venda,OLX,https://pe.olx.com.br/regiao-de-petrolina-e-garanhuns/imoveis/casa-a-venda-excelente-localizacao-e-otimo-preco-1531567130
Vale do Grande Rio,215000.0,Jardim Sao Paulo,72.0,2,1,1,venda,OLX,https://pe.olx.com.br/regiao-de-petrolina-e-garanhuns/imoveis/vale-do-grande-rio-1519535338
Casa no Condiminio Prime,1200000.0,Jatoba,130.0,3,4,2,venda,OLX,https://pe.olx.com.br/regiao-de-petrolina-e-garanhuns/imoveis/casa-no-condiminio-prime-1505090304
Condominio Vila Nobre residence,250000.0,Topazio,80.0,3,1,2,venda,OLX,https://pe.olx.com.br/regiao-de-petrolina-e-garanhuns/imoveis/condominio-vila-nobre-residence-1513255364
Sobrado para venda com 180 metros quadrados com 2 quartos em Antônio Cassimiro - Petrolina,300000.0,Antonio Cassimiro,180.0,2,2,1,venda,OLX,https://pe.olx.com.br/regiao-de-petrolina-e-garanhuns/imoveis/sobrado-para-venda-com-180-metros-quadrados-com-2-quartos-em-antonio-cassimiro-petrolina-1531536570
CASA À VENDA | CONDOMÍNIO SOL NASCENTE ORLA,2500000.0,Centro,200.0,4,5,3,venda,OLX,https://pe.olx.com.br/regiao-de-petrolina-e-garanhuns/imoveis/casa-venda-condominio-sol-nascente-orla-1531534038
CASA À VENDA | CONDOMÍNIO PRIME  PETROLINA,1200000.0,Centro,200.0,3,4,2,venda,OLX,https://pe.olx.com.br/regiao-de-petrolina-e-garanhuns/imoveis/casa-venda-condominio-prime-petrolina-1531528626
Pedra Linda Residencial,248589.0,Pedra Linda,48.0,2,1,1,venda,OLX,https://pe.olx.com.br/regiao-de-petrolina-e-garanhuns/imoveis/pedra-linda-residencial-1332879455
Mansão em Bairro Nobre de Petrolina,4100000.0,Caminho Do Sol,1312.0,5,4,2,venda,OLX,https://pe.olx.com.br/regiao-de-petrolina-e-garanhuns/imoveis/mansao-em-bairro-nobre-de-petrolina-1382096127
Imóvel para venda com 115 metros quadrados com 3 quartos em Vila Eulália - Petrolina - PE,500000.0,Vila Eulalia,115.0,3,2,2,venda,OLX,https://pe.olx.com.br/regiao-de-petrolina-e-garanhuns/imoveis/imovel-para-venda-com-115-metros-quadrados-com-3-quartos-em-vila-eulalia-petrolina-pe-1386222819
Apartamento no Ed. Paulo Afonso,360000.0,Vila Moco,122.0,4,2,1,venda,OLX,https://pe.olx.com.br/regiao-de-petrolina-e-garanhuns/imoveis/apartamento-no-ed-paulo-afonso-1447934312
Casa Jatobá ( Parte Alta ),340000.0,Jatoba,100.0,3,2,1,venda,OLX,https://pe.olx.com.br/regiao-de-petrolina-e-garanhuns/imoveis/casa-jatoba-parte-alta-1506114755
Imóvel para venda no Dom Avelar,320000.0,Dom Avelar,138.0,3,2,5,venda,OLX,https://pe.olx.com.br/regiao-de-petrolina-e-garanhuns/imoveis/imovel-para-venda-no-dom-avelar-1437736061
Oportunidade  Casa no bairro Antônio Cassimiro,380000.0,Antonio Cassimiro,200.0,3,2,2,venda,OLX,https://pe.olx.com.br/regiao-de-petrolina-e-garanhuns/imoveis/oportunidade-casa-no-bairro-antonio-cassimiro-1277958026
Duplex à venda no Parque Massangano,330000.0,Cohab Sao Francisco,105.0,3,2,2,venda,OLX,https://pe.olx.com.br/regiao-de-petrolina-e-garanhuns/imoveis/duplex-a-venda-no-parque-massangano-1433320176
Casa Dom Avelar,350000.0,Dom Avelar,150.0,4,2,5,venda,OLX,https://pe.olx.com.br/regiao-de-petrolina-e-garanhuns/imoveis/casa-dom-avelar-1497345238
Casa no Condomínio SummerVille,1800000.0,Fernando Idalino,200.0,3,2,1,venda,OLX,https://pe.olx.com.br/regiao-de-petrolina-e-garanhuns/imoveis/casa-no-condominio-summerville-1506997254
BEM RESIDENCIAL,231900.0,Cohab Sao Francisco,75.0,2,1,1,venda,OLX,https://pe.olx.com.br/regiao-de-petrolina-e-garanhuns/imoveis/bem-residencial-1518640440
Casa no bairro Jardim Guararapes,380000.0,Cohab Sao Francisco,125.0,3,2,1,venda,OLX,https://pe.olx.com.br/regiao-de-petrolina-e-garanhuns/imoveis/casa-no-bairro-jardim-guararapes-1436234341
Casa no Padre Cícero (4 unidades disponíveis),295000.0,Dom Avelar,70.0,3,2,1,venda,OLX,https://pe.olx.com.br/regiao-de-petrolina-e-garanhuns/imoveis/casa-no-padre-cicero-4-unidades-disponiveis-1449867376
Edf. Santa Bárbara 2 - 24 unidades.,260000.0,Boa Esperanca,57.0,2,2,5,venda,OLX,https://pe.olx.com.br/regiao-de-petrolina-e-garanhuns/imoveis/edf-santa-barbara-2-24-unidades-1496738506
Apartamento Residencial Luame,300000.0,Gercino Coelho,80.0,3,2,1,venda,OLX,https://pe.olx.com.br/regiao-de-petrolina-e-garanhuns/imoveis/apartamento-residencial-luame-1497340367
Casa no Condomínio Prime,1200000.0,Cidade Universitaria,200.0,3,4,2,venda,OLX,https://pe.olx.com.br/regiao-de-petrolina-e-garanhuns/imoveis/casa-no-condominio-prime-1503625279
Casa  no Pedro Raimundo/Vale do Grande Rio,265000.0,Pedro Raimundo,105.0,3,2,1,venda,OLX,https://pe.olx.com.br/regiao-de-petrolina-e-garanhuns/imoveis/casa-no-pedro-raimundo-vale-do-grande-rio-1512512489
Casa Vale Dourado,500000.0,Joao De Deus,127.0,3,2,2,venda,OLX,https://pe.olx.com.br/regiao-de-petrolina-e-garanhuns/imoveis/casa-vale-dourado-1518096772
Casa à Venda  Loteamento Recife,600000.0,Loteamento Recife,200.0,3,2,3,venda,OLX,https://pe.olx.com.br/regiao-de-petrolina-e-garanhuns/imoveis/casa-a-venda-loteamento-recife-1429136513
Casa à venda no Rio Corrente,290000.0,Rio Corrente,140.0,3,2,1,venda,OLX,https://pe.olx.com.br/regiao-de-petrolina-e-garanhuns/imoveis/casa-a-venda-no-rio-corrente-1443684074
Casa Ouro Preto,450000.0,Ouro Preto,120.0,3,2,1,venda,OLX,https://pe.olx.com.br/regiao-de-petrolina-e-garanhuns/imoveis/casa-ouro-preto-1496660138
Casa à venda no Loteamento Recife,360000.0,Loteamento Recife,100.0,3,2,1,venda,OLX,https://pe.olx.com.br/regiao-de-petrolina-e-garanhuns/imoveis/casa-a-venda-no-loteamento-recife-1501138330
CASA Antônio Cassimiro,235000.0,Antonio Cassimiro,83.0,2,1,1,venda,OLX,https://pe.olx.com.br/regiao-de-petrolina-e-garanhuns/imoveis/casa-antonio-cassimiro-1503617811
Casa à venda no Vila Eulália,410000.0,Vila Eulalia,156.0,3,2,1,venda,OLX,https://pe.olx.com.br/regiao-de-petrolina-e-garanhuns/imoveis/casa-a-venda-no-vila-eulalia-1506374468
Casa No Jardim São Paulo,250000.0,Jardim Sao Paulo,50.0,2,1,1,venda,OLX,https://pe.olx.com.br/regiao-de-petrolina-e-garanhuns/imoveis/casa-no-jardim-sao-paulo-1520810977
Casas à venda  Vale Dourado,330000.0,Joao De Deus,200.0,3,2,2,venda,OLX,https://pe.olx.com.br/regiao-de-petrolina-e-garanhuns/imoveis/casas-a-venda-vale-dourado-1460967349
Imóvel para venda com 480 metros quadrados com 7 quartos em Ouro Preto - Petrolina - PE,1200000.0,Ouro Preto,480.0,5,5,,venda,OLX,https://pe.olx.com.br/regiao-de-petrolina-e-garanhuns/imoveis/imovel-para-venda-com-480-metros-quadrados-com-7-quartos-em-ouro-preto-petrolina-pe-1476413724
Casa a venda no bairro Vila Nova,270000.0,Loteamento Recife,100.0,2,2,1,venda,OLX,https://pe.olx.com.br/regiao-de-petrolina-e-garanhuns/imoveis/casa-a-venda-no-bairro-vila-nova-1487463385
Casa Bairro Nova Petrolina,298000.0,Cohab Sao Francisco,144.0,3,2,2,venda,OLX,https://pe.olx.com.br/regiao-de-petrolina-e-garanhuns/imoveis/casa-bairro-nova-petrolina-1501500812
Casa no Dom Avelar,220000.0,Dom Avelar,100.0,3,1,1,venda,OLX,https://pe.olx.com.br/regiao-de-petrolina-e-garanhuns/imoveis/casa-no-dom-avelar-1503587742
Casa no Loteamento Vale Dourado,310000.0,Joao De Deus,200.0,3,2,1,venda,OLX,https://pe.olx.com.br/regiao-de-petrolina-e-garanhuns/imoveis/casa-no-loteamento-vale-dourado-1519079098
Casa à Venda  Loteamento Recife,600000.0,Loteamento Recife,200.0,3,2,2,venda,OLX,https://pe.olx.com.br/regiao-de-petrolina-e-garanhuns/imoveis/casa-a-venda-loteamento-recife-1429132558
Casa à venda Cond .Valle das Mangueiras,500000.0,Cohab Sao Francisco,160.0,3,2,2,venda,OLX,https://pe.olx.com.br/regiao-de-petrolina-e-garanhuns/imoveis/casa-a-venda-cond-valle-das-mangueiras-1439096639
Casa no condomínio Summerville - Petrolina,2050000.0,Fernando Idalino,240.0,3,2,2,venda,OLX,https://pe.olx.com.br/regiao-de-petrolina-e-garanhuns/imoveis/casa-no-condominio-summerville-petrolina-1480994955
Casa à venda no Loteamento Vale Dourado,680000.0,Joao De Deus,162.0,3,2,2,venda,OLX,https://pe.olx.com.br/regiao-de-petrolina-e-garanhuns/imoveis/casa-a-venda-no-loteamento-vale-dourado-1515027472
CASA NO CONDOMÍNIO ECOSPA,1700000.0,Carneiro,205.0,3,3,2,venda,OLX,https://pe.olx.com.br/regiao-de-petrolina-e-garanhuns/imoveis/casa-no-condominio-ecospa-1518918885
CASA BAIRRO CAMINHO DO SOL,1800000.0,Caminho Do Sol,600.0,5,3,3,venda,OLX,https://pe.olx.com.br/regiao-de-petrolina-e-garanhuns/imoveis/casa-bairro-caminho-do-sol-1349794427
Casa Bairro Caminho do Sol,520000.0,Caminho Do Sol,135.0,3,2,1,venda,OLX,https://pe.olx.com.br/regiao-de-petrolina-e-garanhuns/imoveis/casa-bairro-caminho-do-sol-1380066309
Casa VILA NOVA I,290000.0,Boa Esperanca,100.0,3,2,1,venda,OLX,https://pe.olx.com.br/regiao-de-petrolina-e-garanhuns/imoveis/casa-vila-nova-i-1520801464
Valle do Canidé,366707.0,Cohab Sao Francisco,93.0,2,2,1,venda,OLX,https://pe.olx.com.br/regiao-de-petrolina-e-garanhuns/imoveis/valle-do-canide-1132226160
Casa no Bairro Vila Marcela,650000.0,Loteamento Recife,200.0,4,4,2,venda,OLX,https://pe.olx.com.br/regiao-de-petrolina-e-garanhuns/imoveis/casa-no-bairro-vila-marcela-1335253091
Casa no Condomínio Terras Alphaville - Petrolina,2550000.0,Boa Esperanca,284.0,4,4,2,venda,OLX,https://pe.olx.com.br/regiao-de-petrolina-e-garanhuns/imoveis/casa-no-condominio-terras-alphaville-petrolina-1369993658
Casas à venda  Parque Massangano,300000.0,Massangano,107.0,3,2,1,venda,OLX,https://pe.olx.com.br/regiao-de-petrolina-e-garanhuns/imoveis/casas-a-venda-parque-massangano-1461482390
Casa no Stella Márcia,440000.0,Dom Avelar,128.0,3,2,,venda,OLX,https://pe.olx.com.br/regiao-de-petrolina-e-garanhuns/imoveis/casa-no-stella-marcia-1520152149
CASA NO CONDOMÍNIO ECOSPA,1800000.0,Carneiro,231.0,4,5,4,venda,OLX,https://pe.olx.com.br/regiao-de-petrolina-e-garanhuns/imoveis/casa-no-condominio-ecospa-1402718984
Casa Bairro Vale Dourado,560000.0,Joao De Deus,200.0,3,2,2,venda,OLX,https://pe.olx.com.br/regiao-de-petrolina-e-garanhuns/imoveis/casa-bairro-vale-dourado-1412754295
Cohab São Francisco  Jd. Guararapes,460000.0,Cohab Sao Francisco,250.0,3,2,3,venda,OLX,https://pe.olx.com.br/regiao-de-petrolina-e-garanhuns/imoveis/cohab-sao-francisco-jd-guararapes-1420834217
Casa no condomínio Summerville - Petrolina,2050000.0,Fernando Idalino,240.0,3,2,2,venda,OLX,https://pe.olx.com.br/regiao-de-petrolina-e-garanhuns/imoveis/casa-no-condominio-summerville-petrolina-1480995453
Imóvel para venda tem 100 metros quadrados com 3 quartos em Loteamento Recife - Petrolina ,290000.0,Boa Esperanca,100.0,3,2,2,venda,OLX,https://pe.olx.com.br/regiao-de-petrolina-e-garanhuns/imoveis/imovel-para-venda-tem-100-metros-quadrados-com-3-quartos-em-loteamento-recife-petrolina-1514403763
Casa à venda no Vale Dourado,350000.0,Joao De Deus,100.0,3,2,1,venda,OLX,https://pe.olx.com.br/regiao-de-petrolina-e-garanhuns/imoveis/casa-a-venda-no-vale-dourado-1521460403
Imóvel para venda com 105 metros quadrados com 3 quartos em Portal da Cidade - Petrolina -,330000.0,Portal Da Cidade,105.0,3,2,1,venda,OLX,https://pe.olx.com.br/regiao-de-petrolina-e-garanhuns/imoveis/imovel-para-venda-com-105-metros-quadrados-com-3-quartos-em-portal-da-cidade-petrolina-1433094168
Casa no Condomínio Sol Nascente 2,930000.0,Cidade Universitaria,200.0,3,4,2,venda,OLX,https://pe.olx.com.br/regiao-de-petrolina-e-garanhuns/imoveis/casa-no-condominio-sol-nascente-2-1434525358
Casa Bairro Loteamento Recife,430000.0,Loteamento Recife,145.0,3,2,1,venda,OLX,https://pe.olx.com.br/regiao-de-petrolina-e-garanhuns/imoveis/casa-bairro-loteamento-recife-1516926238
VENDO CASA NO BAIRRO PADRE CÍCERO ,430000.0,Dom Avelar,200.0,3,2,2,venda,OLX,https://pe.olx.com.br/regiao-de-petrolina-e-garanhuns/imoveis/vendo-casa-no-bairro-padre-cicero-1522199475
"Casa à Venda no Bairro Cajueiro - Juazeiro/BA  Casa aconchegante, com pé-direito alto, pro",535000.0,Sao Jose,150.0,3,2,2,venda,OLX,https://pe.olx.com.br/regiao-de-petrolina-e-garanhuns/imoveis/casa-a-venda-no-bairro-cajueiro-juazeiro-ba-casa-aconchegante-com-pe-direito-alto-pro-1531426382
Imóvel para venda possui 50 metros quadrados com 2 quartos em Vila Mocó - Petrolina - PE,350000.0,Vila Moco,50.0,2,1,2,venda,OLX,https://pe.olx.com.br/regiao-de-petrolina-e-garanhuns/imoveis/imovel-para-venda-possui-50-metros-quadrados-com-2-quartos-em-vila-moco-petrolina-pe-1531424368
Vendo Casa Vila Eulália ,500000.0,Vila Eulalia,125.0,3,2,1,venda,OLX,https://pe.olx.com.br/regiao-de-petrolina-e-garanhuns/imoveis/vendo-casa-vila-eulalia-1529628097
Casa a venda no José e Maria ,395000.0,Jose E Maria,200.0,4,1,2,venda,OLX,https://pe.olx.com.br/regiao-de-petrolina-e-garanhuns/imoveis/casa-a-venda-no-jose-e-maria-1531396755
Oportunidade! Linda Casa Moderna com Garagem e Ótimo Preço,250000.0,Caminho Do Sol,,2,1,,venda,OLX,https://pe.olx.com.br/regiao-de-petrolina-e-garanhuns/imoveis/oportunidade-linda-casa-moderna-com-garagem-e-otimo-preco-1531368051
Imóvel para venda com 57 metros quadrados com 1 quarto em Boa Esperança - Petrolina - PE,290000.0,Boa Esperanca,57.0,1,2,1,venda,OLX,https://pe.olx.com.br/regiao-de-petrolina-e-garanhuns/imoveis/imovel-para-venda-com-57-metros-quadrados-com-1-quarto-em-boa-esperanca-petrolina-pe-1506420460
OPORTUNIDADE CASA NO ALPHAVILLE! COM ENERGIA SOLAR! ,1499000.0,Loteamento Recife,300.0,3,3,2,venda,OLX,https://pe.olx.com.br/regiao-de-petrolina-e-garanhuns/imoveis/oportunidade-casa-no-alphaville-com-energia-solar-1514949286
"OPORTUNIDADE! COMERCIAL, SALAS PARCELADAS DIRETO COM A CONSTRUTORA! ",270000.0,Loteamento Recife,35.0,3,2,1,venda,OLX,https://pe.olx.com.br/regiao-de-petrolina-e-garanhuns/imoveis/oportunidade-comercial-salas-parceladas-direto-com-a-construtora-1480145864
OPORTUNIDADE APARTAMENTO A VENDA! BAIRRO JATOBÁ! CENTRAL ,299000.0,Loteamento Recife,70.0,2,2,1,venda,OLX,https://pe.olx.com.br/regiao-de-petrolina-e-garanhuns/imoveis/oportunidade-apartamento-a-venda-bairro-jatoba-central-1480168517
"VENDO CASA NASCENTE, COND. SOL NASCENTE ORLA, DOIS PAVIMENTOS ",1990000.0,Loteamento Recife,197.0,4,4,3,venda,OLX,https://pe.olx.com.br/regiao-de-petrolina-e-garanhuns/imoveis/vendo-casa-nascente-cond-sol-nascente-orla-dois-pavimentos-1480150492
OPORTUNIDADE DE CASA ESQUINA PRIMEIRA ETAPA CONDOMÍNIO BUONA VITA ,1250000.0,Loteamento Recife,250.0,4,5,3,venda,OLX,https://pe.olx.com.br/regiao-de-petrolina-e-garanhuns/imoveis/oportunidade-de-casa-esquina-primeira-etapa-condominio-buona-vita-1497696211
Apartamento mobiliado a Venda - Não Financia- Avalio troca ,154999.0,Antonio Cassimiro,43.0,2,1,1,venda,OLX,https://pe.olx.com.br/regiao-de-petrolina-e-garanhuns/imoveis/apartamento-mobiliado-a-venda-nao-financia-avalio-troca-1516993035
Apartamento no Bernardino,65000.0,Topazio,45.0,2,1,1,venda,OLX,https://pe.olx.com.br/regiao-de-petrolina-e-garanhuns/imoveis/apartamento-no-bernardino-1531270979
Apartamento no bairro jatobá ,298000.0,Jatoba,62.0,2,2,1,venda,OLX,https://pe.olx.com.br/regiao-de-petrolina-e-garanhuns/imoveis/apartamento-no-bairro-jatoba-1529507016
CASA PARA VENDA 03 QUARTOS - ANTONIO CASSIMIRO,270000.0,Antonio Cassimiro,158.0,2,1,2,venda,OLX,https://pe.olx.com.br/regiao-de-petrolina-e-garanhuns/imoveis/casa-para-venda-03-quartos-antonio-cassimiro-1531260981
Apartamento à Venda - a 800m da Av. Monsenhor em Petrolina,280000.0,Vila Eduardo,60.0,2,1,1,venda,OLX,https://pe.olx.com.br/regiao-de-petrolina-e-garanhuns/imoveis/apartamento-a-venda-a-800m-da-av-monsenhor-em-petrolina-1531220445
Casa à venda Bairro loteamento Rafael,240000.0,Cohab Sao Francisco,100.0,3,1,1,venda,OLX,https://pe.olx.com.br/regiao-de-petrolina-e-garanhuns/imoveis/casa-a-venda-bairro-loteamento-rafael-1525256329
Casa no Nova Petrolina,210000.0,Cohab Sao Francisco,53.0,2,1,1,venda,OLX,https://pe.olx.com.br/regiao-de-petrolina-e-garanhuns/imoveis/casa-no-nova-petrolina-1529429201
"Apartamento no Condomínio Monte Carmelo, 3 quartos, próximo à Orla I, em Petrolina/PE",450000.0,Fernando Idalino,,3,2,1,venda,OLX,https://pe.olx.com.br/regiao-de-petrolina-e-garanhuns/imoveis/apartamento-no-condominio-monte-carmelo-3-quartos-proximo-a-orla-i-em-petrolina-pe-1489654892
OPORTUNIDADE CONDOMÍNIO PRIME,1050000.0,Cidade Universitaria,130.0,3,4,2,venda,OLX,https://pe.olx.com.br/regiao-de-petrolina-e-garanhuns/imoveis/oportunidade-condominio-prime-1459144266
CASA COHAB MASSANGANO ,525000.0,Cohab Massangano,200.0,3,4,2,venda,OLX,https://pe.olx.com.br/regiao-de-petrolina-e-garanhuns/imoveis/casa-cohab-massangano-1524609146
"APARTAMENTO À VENDA NO EDIFÍCIO SERRA DO OURO, PETROLINA (PE).",750000.0,,147.0,3,1,2,venda,OLX,https://pe.olx.com.br/regiao-de-petrolina-e-garanhuns/imoveis/apartamento-venda-no-edificio-serra-do-ouro-petrolina-pe-1353468091
Casa Duplex no Condominio buona Vita,1300000.0,Sao Jose,200.0,4,4,2,venda,OLX,https://pe.olx.com.br/regiao-de-petrolina-e-garanhuns/imoveis/casa-duplex-no-condominio-buona-vita-1517751003
Vendo Casa Condomínio  Sunville ,280000.0,Centro,,2,2,,venda,OLX,https://pe.olx.com.br/regiao-de-petrolina-e-garanhuns/imoveis/vendo-casa-condominio-sunville-1514957348
Apartamento no Bairro caminho so Sol,370000.0,Km-2,78.0,2,2,1,venda,OLX,https://pe.olx.com.br/regiao-de-petrolina-e-garanhuns/imoveis/apartamento-no-bairro-caminho-so-sol-1407755846
Casa VILA NOVA I,295000.0,Boa Esperanca,100.0,3,2,,venda,OLX,https://pe.olx.com.br/regiao-de-petrolina-e-garanhuns/imoveis/casa-vila-nova-i-1520989927
Casa 75m² com Terreno 100m² | Petrolina/PE | Dom Avelar - Próximo da Av. da Esperança e Av,163016.0,Dom Avelar,100.0,2,1,,venda,OLX,https://pe.olx.com.br/regiao-de-petrolina-e-garanhuns/imoveis/casa-75m-com-terreno-100m-petrolina-pe-dom-avelar-proximo-da-av-da-esperanca-e-av-1531030559
Apartamento à Venda com Móveis Planejados no Residencial Paulo Coelho  Petrolina/PE,320000.0,Vila Moco,50.0,2,1,1,venda,OLX,https://pe.olx.com.br/regiao-de-petrolina-e-garanhuns/imoveis/apartamento-a-venda-com-moveis-planejados-no-residencial-paulo-coelho-petrolina-pe-1531015245
Casa no bairro padre José de Castro Petrolina,280000.0,Fernando Idalino,78.0,3,2,1,venda,OLX,https://pe.olx.com.br/regiao-de-petrolina-e-garanhuns/imoveis/casa-no-bairro-padre-jose-de-castro-petrolina-1422834764
Casa no Bairro Vila eduardo,500000.0,Areia Branca,90.0,3,2,1,venda,OLX,https://pe.olx.com.br/regiao-de-petrolina-e-garanhuns/imoveis/casa-no-bairro-vila-eduardo-1467302262
Casa No Bairro Vale Dourado,680000.0,Joao De Deus,162.0,3,2,2,venda,OLX,https://pe.olx.com.br/regiao-de-petrolina-e-garanhuns/imoveis/casa-no-bairro-vale-dourado-1515060497
Casa no Condomínio Solnaecente etapa 1,2200000.0,Cidade Universitaria,243.0,4,3,2,venda,OLX,https://pe.olx.com.br/regiao-de-petrolina-e-garanhuns/imoveis/casa-no-condominio-solnaecente-etapa-1-1525783520
Casa de Alto Padrão à Venda no Condomínio Portal das Águas  Petrolina/PE,3000000.0,Pedra Do Bode,376.0,5,5,2,venda,OLX,https://pe.olx.com.br/regiao-de-petrolina-e-garanhuns/imoveis/casa-de-alto-padrao-a-venda-no-condominio-portal-das-aguas-petrolina-pe-1530928066
? CASA À VENDA - SOBRADINHO/BA,95000.0,Vila Moco,,1,1,,venda,OLX,https://pe.olx.com.br/regiao-de-petrolina-e-garanhuns/imoveis/casa-venda-sobradinho-ba-1530886356
Casa moderna 10 minutos da orla ,450000.0,Cohab Sao Francisco,,3,3,2,venda,OLX,https://pe.olx.com.br/regiao-de-petrolina-e-garanhuns/imoveis/casa-moderna-10-minutos-da-orla-1530881594
Excelente casa à venda no bairro Caminho do Sol!,1300000.0,Caminho Do Sol,550.0,5,5,4,venda,OLX,https://pe.olx.com.br/regiao-de-petrolina-e-garanhuns/imoveis/excelente-casa-a-venda-no-bairro-caminho-do-sol-1526638499
Casa a Venda na Vila Eduardo - Terreno 10x25,600000.0,Loteamento Recife,250.0,3,1,1,venda,OLX,https://pe.olx.com.br/regiao-de-petrolina-e-garanhuns/imoveis/casa-a-venda-na-vila-eduardo-terreno-10x25-1530870273
CASA 3 QUARTOS LOTEAMENTO RECIFE,360000.0,Loteamento Recife,76.0,3,2,1,venda,OLX,https://pe.olx.com.br/regiao-de-petrolina-e-garanhuns/imoveis/casa-3-quartos-loteamento-recife-1530864553
Venda de casa em condomínio fechado ,360000.0,Cohab Sao Francisco,144.0,2,1,3,venda,OLX,https://pe.olx.com.br/regiao-de-petrolina-e-garanhuns/imoveis/venda-de-casa-em-condominio-fechado-1530860443
Casa de Esquina/Grande,280000.0,Jardim Sao Paulo,,3,2,3,venda,OLX,https://pe.olx.com.br/regiao-de-petrolina-e-garanhuns/imoveis/casa-de-esquina-grande-1530858082
Imóvel para venda tem 75 metros quadrados com 2 quartos em Jatobá - Petrolina - PE,298000.0,Jatoba,75.0,2,2,,venda,OLX,https://pe.olx.com.br/regiao-de-petrolina-e-garanhuns/imoveis/imovel-para-venda-tem-75-metros-quadrados-com-2-quartos-em-jatoba-petrolina-pe-1530697033
Imóvel para venda com 75 metros quadrados com 3 quartos em Antônio Cassimiro - Petrolina -,250000.0,Antonio Cassimiro,75.0,3,1,,venda,OLX,https://pe.olx.com.br/regiao-de-petrolina-e-garanhuns/imoveis/imovel-para-venda-com-75-metros-quadrados-com-3-quartos-em-antonio-cassimiro-petrolina-1530688189
"Vendo casa mobiliada condomínio encontro das águas, 03 quartos sendo uma suíte e piscina",750000.0,Cohab Sao Francisco,130.0,3,2,2,venda,OLX,https://pe.olx.com.br/regiao-de-petrolina-e-garanhuns/imoveis/vendo-casa-mobiliada-condominio-encontro-das-aguas-03-quartos-sendo-uma-suite-e-piscina-1494810986
Imóvel para venda possui 200 metros quadrados com 3 quartos em Jatobá - Petrolina - PE,350000.0,Jatoba,200.0,3,2,2,venda,OLX,https://pe.olx.com.br/regiao-de-petrolina-e-garanhuns/imoveis/imovel-para-venda-possui-200-metros-quadrados-com-3-quartos-em-jatoba-petrolina-pe-1530604496
Casa a venda na COHAB VI,167000.0,Cohab Sao Francisco,60.0,2,1,1,venda,OLX,https://pe.olx.com.br/regiao-de-petrolina-e-garanhuns/imoveis/casa-a-venda-na-cohab-vi-1530508623
"Apartamento vista livre, nascente, na melhor localização da cidade",600000.0,Vila Eduardo,74.0,3,2,,venda,OLX,https://pe.olx.com.br/regiao-de-petrolina-e-garanhuns/imoveis/apartamento-vista-livre-nascente-na-melhor-localizacao-da-cidade-1526970892
VENDE-SE APARTAMENTO MOBILIADO NO CONDOMÍNIO SAINT-MICHEL  ORLA DE PETROLINA/PE,1000000.0,Sao Jose,84.0,3,3,1,venda,OLX,https://pe.olx.com.br/regiao-de-petrolina-e-garanhuns/imoveis/vende-se-apartamento-mobiliado-no-condominio-saint-michel-orla-de-petrolina-pe-1530502412
Casa em Condomínio a venda,480000.0,Topazio,,3,2,2,venda,OLX,https://pe.olx.com.br/regiao-de-petrolina-e-garanhuns/imoveis/casa-em-condominio-a-venda-1514146479
"Apartamento à venda, 3 quartos, 1 suíte, 1 vaga, Vila MOCO - Petrolina/PE",580000.0,Vila Moco,100.0,3,2,1,venda,OLX,https://pe.olx.com.br/regiao-de-petrolina-e-garanhuns/imoveis/apartamento-a-venda-3-quartos-1-suite-1-vaga-vila-moco-petrolina-pe-1530485363
APARTAMENTO CAMINHO DO SOL MOBILIADO ,365000.0,Caminho Do Sol,74.0,2,2,1,venda,OLX,https://pe.olx.com.br/regiao-de-petrolina-e-garanhuns/imoveis/apartamento-caminho-do-sol-mobiliado-1528574088
Vendo - se uma casa ,70000.0,Fernando Idalino,,3,1,,venda,OLX,https://pe.olx.com.br/regiao-de-petrolina-e-garanhuns/imoveis/vendo-se-uma-casa-1530354285
"Casa 163m² com Terreno 200m² | Petrolina-PE | Loteamento Recife - 3 Dorms, 2 Banheiros e 1",301600.0,Loteamento Recife,200.0,2,1,,venda,OLX,https://pe.olx.com.br/regiao-de-petrolina-e-garanhuns/imoveis/casa-163m-com-terreno-200m-petrolina-pe-loteamento-recife-3-dorms-2-banheiros-e-1-1530332245
"Casa com piscina, 3 minutos do Mix Matheus ",590000.0,Cohab Massangano,,3,3,2,venda,OLX,https://pe.olx.com.br/regiao-de-petrolina-e-garanhuns/imoveis/casa-com-piscina-3-minutos-do-mix-matheus-1530323105
Casa a venda no condomínio Buona Vita com 3 suítes ,1100000.0,Loteamento Recife,139.0,3,4,2,venda,OLX,https://pe.olx.com.br/regiao-de-petrolina-e-garanhuns/imoveis/casa-a-venda-no-condominio-buona-vita-com-3-suites-1480268678
Vendo Casa mobiliada em condomínio (direto com proprietário) ,320000.0,Areia Branca,,2,1,2,venda,OLX,https://pe.olx.com.br/regiao-de-petrolina-e-garanhuns/imoveis/vendo-casa-mobiliada-em-condominio-direto-com-proprietario-1530191024
"Casa à venda, 2 quartos, 1 suíte, 1 vaga, Bela Vista Massangano - Petrolina/PE",265000.0,Cohab Massangano,76.0,2,2,1,venda,OLX,https://pe.olx.com.br/regiao-de-petrolina-e-garanhuns/imoveis/casa-a-venda-2-quartos-1-suite-1-vaga-bela-vista-massangano-petrolina-pe-1530166306
"Casa à venda no Bairro Boa Esperança, 3 quartos, gourmet, Petrolina-PE",520000.0,Loteamento Recife,200.0,2,2,,venda,OLX,https://pe.olx.com.br/regiao-de-petrolina-e-garanhuns/imoveis/casa-a-venda-no-bairro-boa-esperanca-3-quartos-gourmet-petrolina-pe-1530105457
CASA PARA VENDA - 05 QUARTOS- GERCINO COELHO,400000.0,Gercino Coelho,89.0,4,2,2,venda,OLX,https://pe.olx.com.br/regiao-de-petrolina-e-garanhuns/imoveis/casa-para-venda-05-quartos-gercino-coelho-1530103668
"Casa à venda no bairro Ouro Preto, 3 quartos, closet, área gourmet, Petrolina",460000.0,Antonio Cassimiro,156.0,2,2,,venda,OLX,https://pe.olx.com.br/regiao-de-petrolina-e-garanhuns/imoveis/casa-a-venda-no-bairro-ouro-preto-3-quartos-closet-area-gourmet-petrolina-1530102901
"Casa à venda no Bairro Vila Débora, 3 quartos, Gourmet, Petrolina",480000.0,Dom Avelar,110.0,1,3,,venda,OLX,https://pe.olx.com.br/regiao-de-petrolina-e-garanhuns/imoveis/casa-a-venda-no-bairro-vila-debora-3-quartos-gourmet-petrolina-1530102419
Apartamento Térreo Jatobá 3/4,380000.0,Jatoba,78.0,3,2,1,venda,OLX,https://pe.olx.com.br/regiao-de-petrolina-e-garanhuns/imoveis/apartamento-terreo-jatoba-3-4-1530099288
"Vende Casa 3quartos, 1suíte com closet no Loteamento Colinas do Rio, Petrolina/P",460000.0,Cohab Sao Francisco,97.0,3,2,2,venda,OLX,https://pe.olx.com.br/regiao-de-petrolina-e-garanhuns/imoveis/vende-casa-3quartos-1suite-com-closet-no-loteamento-colinas-do-rio-petrolina-p-1530084017
"Casa em LEILÃO -- PETROLINA/PE, 45.05% abaixo da avaliação",494585.0,Areia Branca,44.0,2,1,,venda,OLX,https://pe.olx.com.br/regiao-de-petrolina-e-garanhuns/imoveis/casa-em-leilao-petrolina-pe-45-05-abaixo-da-avaliacao-1530063687
Térrea para venda tem 100 metros quadrados com 3 quartos em João de Deus - Petrolina - PE,235000.0,Joao De Deus,100.0,3,1,,venda,OLX,https://pe.olx.com.br/regiao-de-petrolina-e-garanhuns/imoveis/terrea-para-venda-tem-100-metros-quadrados-com-3-quartos-em-joao-de-deus-petrolina-pe-1529938404
"Casa a venda no bairro Terra do Sul, logo no começo.OBS: aceito trocas em carro e moto.",90000.0,Terra Do Sul,80.0,2,1,,venda,OLX,https://pe.olx.com.br/regiao-de-petrolina-e-garanhuns/imoveis/casa-a-venda-no-bairro-terra-do-sul-logo-no-comeco-obs-aceito-trocas-em-carro-e-moto-1529905622
Apartamento com energia solar á venda no Jatobá em Petrolina,245000.0,Jatoba,68.0,2,1,1,venda,OLX,https://pe.olx.com.br/regiao-de-petrolina-e-garanhuns/imoveis/apartamento-com-energia-solar-a-venda-no-jatoba-em-petrolina-1504509650
Casa a venda na Vila Eulália em Petrolina ,350000.0,Vila Eulalia,90.0,3,2,1,venda,OLX,https://pe.olx.com.br/regiao-de-petrolina-e-garanhuns/imoveis/casa-a-venda-na-vila-eulalia-em-petrolina-1529647750
Casa a venda no Loteamento Recife em Petrolina com 3 quartos ,650000.0,Loteamento Recife,120.0,3,3,2,venda,OLX,https://pe.olx.com.br/regiao-de-petrolina-e-garanhuns/imoveis/casa-a-venda-no-loteamento-recife-em-petrolina-com-3-quartos-1446644172
Apartamento a venda com 3 quartos e 2 vagas de garagem no Centro de Petrolina,499000.0,,126.0,3,2,2,venda,OLX,https://pe.olx.com.br/regiao-de-petrolina-e-garanhuns/imoveis/apartamento-a-venda-com-3-quartos-e-2-vagas-de-garagem-no-centro-de-petrolina-1445987324
APARTAMENTOS NO BAIRRO VILA EDUARDO! PRÉDIO COM ELEVADOR ,155000.0,Loteamento Recife,28.0,1,1,,venda,OLX,https://pe.olx.com.br/regiao-de-petrolina-e-garanhuns/imoveis/apartamentos-no-bairro-vila-eduardo-predio-com-elevador-1496904197
VENDO APARTAMENTO DÉCIMO ANDAR EDF CHATEAU DUVALIER!,550000.0,Loteamento Recife,70.0,3,2,1,venda,OLX,https://pe.olx.com.br/regiao-de-petrolina-e-garanhuns/imoveis/vendo-apartamento-decimo-andar-edf-chateau-duvalier-1445734420
Casa térrea .. dias melhores virão ,450000.0,Jatoba,,3,3,3,venda,OLX,https://pe.olx.com.br/regiao-de-petrolina-e-garanhuns/imoveis/casa-terrea-dias-melhores-virao-1513579235
Condomínio Residencial Pedra Linda ,254000.0,Cohab Sao Francisco,144.0,2,1,2,venda,OLX,https://pe.olx.com.br/regiao-de-petrolina-e-garanhuns/imoveis/condominio-residencial-pedra-linda-1529532342
APTO 201 - RIO JARDIM - 109m² - 3Q 1 SUITE + ARMARIOS + VAGA 201 - PETROLINA -  PE ,420000.0,Centro,109.0,3,2,1,venda,OLX,https://pe.olx.com.br/regiao-de-petrolina-e-garanhuns/imoveis/apto-201-rio-jardim-109m-3q-1-suite-armarios-vaga-201-petrolina-pe-1529508776
"Apartamento de 180 m² com 2 suítes à venda em Atrás da Banca, Petrolina",1500000.0,Atras Da Banca,180.0,2,3,1,venda,OLX,https://pe.olx.com.br/regiao-de-petrolina-e-garanhuns/imoveis/apartamento-de-180-m-com-2-suites-a-venda-em-atras-da-banca-petrolina-1529499894
CASA À VENDA  CONDOMÍNIO ALPHAVILLE,1500000.0,Centro,300.0,3,3,2,venda,OLX,https://pe.olx.com.br/regiao-de-petrolina-e-garanhuns/imoveis/casa-venda-condominio-alphaville-1529480629
Imóvel para venda com 150 metros quadrados com 3 quartos em Portal da Cidade - Petrolina -,330000.0,Portal Da Cidade,150.0,3,2,1,venda,OLX,https://pe.olx.com.br/regiao-de-petrolina-e-garanhuns/imoveis/imovel-para-venda-com-150-metros-quadrados-com-3-quartos-em-portal-da-cidade-petrolina-1529325631
CASA TÉRREA NO ALPHAVILLE PETROLINA,1790000.0,Centro,340.0,4,4,2,venda,OLX,https://pe.olx.com.br/regiao-de-petrolina-e-garanhuns/imoveis/casa-terrea-no-alphaville-petrolina-1529312381
Vende casa no haras pé de serra 2,155000.0,Dom Avelar,200.0,2,1,,venda,OLX,https://pe.olx.com.br/regiao-de-petrolina-e-garanhuns/imoveis/vende-casa-no-haras-pe-de-serra-2-1529254838
Oportunidade de sair do aluguel ,200000.0,Areia Branca,75.0,3,2,1,venda,OLX,https://pe.olx.com.br/regiao-de-petrolina-e-garanhuns/imoveis/oportunidade-de-sair-do-aluguel-1529250729
"VENDO IMOVEL COMERCIAL E RESIDENCIAL PETROLINA, 2 APARTAMENTOS 1 PONTO COMERCIAL.",700000.0,Ouro Preto,300.0,3,3,,venda,OLX,https://pe.olx.com.br/regiao-de-petrolina-e-garanhuns/imoveis/vendo-imovel-comercial-e-residencial-petrolina-2-apartamentos-1-ponto-comercial-1527153386
Casa no Vale Dourado,400000.0,Pedra Linda,138.0,3,2,2,venda,OLX,https://pe.olx.com.br/regiao-de-petrolina-e-garanhuns/imoveis/casa-no-vale-dourado-1529175543
Vendo casa pronta para financiar ,390000.0,Jatoba,,3,2,2,venda,OLX,https://pe.olx.com.br/regiao-de-petrolina-e-garanhuns/imoveis/vendo-casa-pronta-para-financiar-1529175008
CASA PARA VENDA - 03 QUARTOS - ENERGIA SOLAR - NASCENTE,265000.0,Boa Esperanca,100.0,3,1,1,venda,OLX,https://pe.olx.com.br/regiao-de-petrolina-e-garanhuns/imoveis/casa-para-venda-03-quartos-energia-solar-nascente-1531593982
"Casa à venda no Cond. Sol Nascente Etapas, 4 quartos, gourmet, Petrolina",1250000.0,Cidade Universitaria,165.0,3,2,,venda,OLX,https://pe.olx.com.br/regiao-de-petrolina-e-garanhuns/imoveis/casa-a-venda-no-cond-sol-nascente-etapas-4-quartos-gourmet-petrolina-1529164402
Casa a venda (JATOBÁ),385000.0,Maria Auxiliadora,184.0,3,2,2,venda,OLX,https://pe.olx.com.br/regiao-de-petrolina-e-garanhuns/imoveis/casa-a-venda-jatoba-1529141975
Apartamento para venda no bairro Jatobá,340000.0,Centro,97.0,3,2,,venda,OLX,https://pe.olx.com.br/regiao-de-petrolina-e-garanhuns/imoveis/apartamento-para-venda-no-bairro-jatoba-1529102971
Casa à venda no Loteamento Recife,285000.0,Loteamento Recife,,3,2,,venda,OLX,https://pe.olx.com.br/regiao-de-petrolina-e-garanhuns/imoveis/casa-a-venda-no-loteamento-recife-1529088230
APARTAMENTO NOVO NA ORLA COM VISTA DEFINITIVA PARA O RIO!,1800000.0,Centro,132.0,3,4,2,venda,OLX,https://pe.olx.com.br/regiao-de-petrolina-e-garanhuns/imoveis/apartamento-novo-na-orla-com-vista-definitiva-para-o-rio-1529080173
CASA NASCENTE NO CONDOMÍNIO BUONA VITA,1150000.0,Centro,200.0,3,3,2,venda,OLX,https://pe.olx.com.br/regiao-de-petrolina-e-garanhuns/imoveis/casa-nascente-no-condominio-buona-vita-1529079665
Casa à venda no bairro Portal da Cidade,275000.0,Sao Goncalo,100.0,2,2,,venda,OLX,https://pe.olx.com.br/regiao-de-petrolina-e-garanhuns/imoveis/casa-a-venda-no-bairro-portal-da-cidade-1529075363
Casa para venda com 100 metros quadrados em Centro - Petrolina - Pernambuco,550000.0,Centro,100.0,4,1,,venda,OLX,https://pe.olx.com.br/regiao-de-petrolina-e-garanhuns/imoveis/casa-para-venda-com-100-metros-quadrados-em-centro-petrolina-pernambuco-1466258021
LINDA CASA A VENDA NOVA! PREÇO IMPERDÍVEL!,225000.0,Loteamento Recife,100.0,3,2,3,venda,OLX,https://pe.olx.com.br/regiao-de-petrolina-e-garanhuns/imoveis/linda-casa-a-venda-nova-preco-imperdivel-1231516174
VENDO APARTAMENTO ORLA 1 com 105m2! Um por andar! ,600000.0,Loteamento Recife,105.0,3,2,1,venda,OLX,https://pe.olx.com.br/regiao-de-petrolina-e-garanhuns/imoveis/vendo-apartamento-orla-1-com-105m2-um-por-andar-1452394439
VENDO LINDA CASA 2 PAVIMENTOS CONDOMÍNIO BUONA VITA! ,1450000.0,Loteamento Recife,280.0,4,5,,venda,OLX,https://pe.olx.com.br/regiao-de-petrolina-e-garanhuns/imoveis/vendo-linda-casa-2-pavimentos-condominio-buona-vita-1494004835
VENDO APARTAMENTO NO COND. MORADA REAL! BAIRRO JATOBÁ! ,350000.0,Loteamento Recife,65.0,3,2,1,venda,OLX,https://pe.olx.com.br/regiao-de-petrolina-e-garanhuns/imoveis/vendo-apartamento-no-cond-morada-real-bairro-jatoba-1329745546
"VENDO APARTAMENTO CENTRAL GRANDE! 114m2, 3 suítes! ",450000.0,Loteamento Recife,114.0,3,4,1,venda,OLX,https://pe.olx.com.br/regiao-de-petrolina-e-garanhuns/imoveis/vendo-apartamento-central-grande-114m2-3-suites-1329744919
CASA DOIS PAVIMENTOS CONDOMÍNIO BUONA VITA! ,1150000.0,Loteamento Recife,240.0,3,4,3,venda,OLX,https://pe.olx.com.br/regiao-de-petrolina-e-garanhuns/imoveis/casa-dois-pavimentos-condominio-buona-vita-1368002415
LINDA CASA A VENDA NO CONDOMÍNIO BUONA VITA! ,979000.0,Loteamento Recife,200.0,3,4,2,venda,OLX,https://pe.olx.com.br/regiao-de-petrolina-e-garanhuns/imoveis/linda-casa-a-venda-no-condominio-buona-vita-1393376482
OPORTUNIDADE CASA LUXO CONDOMÍNIO COLINAS BELLA VISTA!,900000.0,Loteamento Recife,276.0,3,5,4,venda,OLX,https://pe.olx.com.br/regiao-de-petrolina-e-garanhuns/imoveis/oportunidade-casa-luxo-condominio-colinas-bella-vista-1087840816
CASA À VENDA BUONA VITA CONDOMÍNIO! OPORTUNIDADE!,950000.0,Loteamento Recife,200.0,3,3,2,venda,OLX,https://pe.olx.com.br/regiao-de-petrolina-e-garanhuns/imoveis/casa-venda-buona-vita-condominio-oportunidade-1493938873
VENDO CASA COND. BUONA VITA! PISCINA E PRONTA PARA FINANCIAR! ,1100000.0,Loteamento Recife,200.0,3,3,2,venda,OLX,https://pe.olx.com.br/regiao-de-petrolina-e-garanhuns/imoveis/vendo-casa-cond-buona-vita-piscina-e-pronta-para-financiar-1493941630
VENDO CASA LUXO BAIRRO PADRE JOSÉ DE CASTRO! PISCINA! ,610000.0,Loteamento Recife,200.0,3,3,2,venda,OLX,https://pe.olx.com.br/regiao-de-petrolina-e-garanhuns/imoveis/vendo-casa-luxo-bairro-padre-jose-de-castro-piscina-1493940335
CASA LUXO 200M2 PRONTA PARA FINANCIAR! RUA ASFALTADA! ,525000.0,Loteamento Recife,200.0,3,3,2,venda,OLX,https://pe.olx.com.br/regiao-de-petrolina-e-garanhuns/imoveis/casa-luxo-200m2-pronta-para-financiar-rua-asfaltada-1494913025
Duas casas pelo preço de uma no jardim Guararapes em Petrolina ,240000.0,,200.0,3,2,2,venda,OLX,https://pe.olx.com.br/regiao-de-petrolina-e-garanhuns/imoveis/duas-casas-pelo-preco-de-uma-no-jardim-guararapes-em-petrolina-1528958196
"Casa à venda com três quartos, sendo um uma suíte - Lot. Recife | Petrolina-PE",365000.0,Loteamento Recife,100.0,3,2,1,venda,OLX,https://pe.olx.com.br/regiao-de-petrolina-e-garanhuns/imoveis/casa-a-venda-com-tres-quartos-sendo-um-uma-suite-lot-recife-petrolina-pe-1528955688
Casa pra vender vila Eulália *,389000.0,Vila Eulalia,230000.0,3,2,2,venda,OLX,https://pe.olx.com.br/regiao-de-petrolina-e-garanhuns/imoveis/casa-pra-vender-vila-eulalia-1521835241
Apartamento Flat Vitae ,409990.0,Centro,24.0,1,1,,venda,OLX,https://pe.olx.com.br/regiao-de-petrolina-e-garanhuns/imoveis/apartamento-flat-vitae-1528919461
Casa a venda ,195000.0,Centro,,3,2,,venda,OLX,https://pe.olx.com.br/regiao-de-petrolina-e-garanhuns/imoveis/casa-a-venda-1528890183
Vende-se casa no Fernando Idalino,140000.0,Fernando Idalino,150.0,3,1,,venda,OLX,https://pe.olx.com.br/regiao-de-petrolina-e-garanhuns/imoveis/vende-se-casa-no-fernando-idalino-1528871894
Sua nova história começa em uma casa de alto padrão no Condomínio Sol Nascente   Aprese,1390000.0,Cidade Universitaria,242.0,4,3,2,venda,OLX,https://pe.olx.com.br/regiao-de-petrolina-e-garanhuns/imoveis/sua-nova-historia-comeca-em-uma-casa-de-alto-padrao-no-condominio-sol-nascente-aprese-1520569841
APTO VILA MARIANA ,350000.0,Vila Moco,50.0,2,1,1,venda,OLX,https://pe.olx.com.br/regiao-de-petrolina-e-garanhuns/imoveis/apto-vila-mariana-1497889741
Casa a venda por preço imbatível no Loteamento Recife,295000.0,Centro,100.0,3,2,1,venda,OLX,https://pe.olx.com.br/regiao-de-petrolina-e-garanhuns/imoveis/casa-a-venda-por-preco-imbativel-no-loteamento-recife-1528835617
EXCELENTE CASA VILA EULÁLIA RUA ASFALTADA ,430000.0,Vila Eulalia,250.0,4,3,2,venda,OLX,https://pe.olx.com.br/regiao-de-petrolina-e-garanhuns/imoveis/excelente-casa-vila-eulalia-rua-asfaltada-1525521820
Casa Rio Jordão ,198000.0,Jatoba,200.0,2,1,3,venda,OLX,https://pe.olx.com.br/regiao-de-petrolina-e-garanhuns/imoveis/casa-rio-jordao-1528777329
VALE DOS COQUEIROS - Apartamento,250000.0,Cohab Sao Francisco,50.0,2,2,1,venda,OLX,https://pe.olx.com.br/regiao-de-petrolina-e-garanhuns/imoveis/vale-dos-coqueiros-apartamento-1528765960
Para vender rápido por motivo de mudança do estado aceito carro/moto na negociação ,299900.0,Dom Avelar,300.0,3,2,3,venda,OLX,https://pe.olx.com.br/regiao-de-petrolina-e-garanhuns/imoveis/para-vender-rapido-por-motivo-de-mudanca-do-estado-aceito-carro-moto-na-negociacao-1515291881
Casa a Venda com Ponto comercial ,1500000.0,Maria Auxiliadora,200.0,5,4,,venda,OLX,https://pe.olx.com.br/regiao-de-petrolina-e-garanhuns/imoveis/casa-a-venda-com-ponto-comercial-1528624666
EXCLUSIVIDADE E SOFISTICAÇÃO NO ALPHAVILLE,3300000.0,Centro,300.0,3,5,4,venda,OLX,https://pe.olx.com.br/regiao-de-petrolina-e-garanhuns/imoveis/exclusividade-e-sofisticacao-no-alphaville-1528581512
"**INVESTIDOR, TRANSFORME 426 m² NO CENTRO DE PETROLINA EM ATÉ 17 SALAS COMERCIAIS!**",2450000.0,Centro,426.0,5,5,5,venda,OLX,https://pe.olx.com.br/regiao-de-petrolina-e-garanhuns/imoveis/investidor-transforme-426-m-no-centro-de-petrolina-em-ate-17-salas-comerciais-1528568220
Casa no padre Cícero ,350000.0,Dom Avelar,,3,2,2,venda,OLX,https://pe.olx.com.br/regiao-de-petrolina-e-garanhuns/imoveis/casa-no-padre-cicero-1512577138
Casa Excelente Acabamento Don Avelar,320000.0,Dom Avelar,100.0,3,2,1,venda,OLX,https://pe.olx.com.br/regiao-de-petrolina-e-garanhuns/imoveis/casa-excelente-acabamento-don-avelar-1528470411
VENDO CASA AMPLA DE ALTO PADRÃO.,680000.0,Cohab Sao Francisco,345.0,4,5,2,venda,OLX,https://pe.olx.com.br/regiao-de-petrolina-e-garanhuns/imoveis/vendo-casa-ampla-de-alto-padrao-1528464884
Parcele sua casa,200000.0,Massangano,,2,1,2,venda,OLX,https://pe.olx.com.br/regiao-de-petrolina-e-garanhuns/imoveis/parcele-sua-casa-1528378971
Repasso apartamento condomínio Vale do Sol ,75000.0,Topazio,,2,1,1,venda,OLX,https://pe.olx.com.br/regiao-de-petrolina-e-garanhuns/imoveis/repasso-apartamento-condominio-vale-do-sol-1528311013
Apartamento Reformado à venda no Condomínio Paulo Coelho em Petrolina próximo a Univasf,350000.0,Vila Moco,,2,1,1,venda,OLX,https://pe.olx.com.br/regiao-de-petrolina-e-garanhuns/imoveis/apartamento-reformado-a-venda-no-condominio-paulo-coelho-em-petrolina-proximo-a-univasf-1528238680
"CASA NOVA COM 3 QUARTOS, SUÍTE E CLOSET NA VILA EDUARDO",600000.0,Vila Eduardo,161.0,3,2,2,venda,OLX,https://pe.olx.com.br/regiao-de-petrolina-e-garanhuns/imoveis/casa-nova-com-3-quartos-suite-e-closet-na-vila-eduardo-1526431889
Casa no Padre José de Castro ,289000.0,Loteamento Recife,90.0,3,2,1,venda,OLX,https://pe.olx.com.br/regiao-de-petrolina-e-garanhuns/imoveis/casa-no-padre-jose-de-castro-1528185928
"Apartamento à venda no Edifício Paulo Afonso, 3 quartos, planejados, Petrolina",400000.0,Vila Moco,122.0,2,2,,venda,OLX,https://pe.olx.com.br/regiao-de-petrolina-e-garanhuns/imoveis/apartamento-a-venda-no-edificio-paulo-afonso-3-quartos-planejados-petrolina-1528164992
Casa á venda ,190000.0,Centro,,3,2,1,venda,OLX,https://pe.olx.com.br/regiao-de-petrolina-e-garanhuns/imoveis/casa-a-venda-1528157545
CASA TÉRREA NO CONDOMÍNIO PRIME COM 2 SUITES E CLOSET,1050000.0,Cidade Universitaria,200.0,3,3,2,venda,OLX,https://pe.olx.com.br/regiao-de-petrolina-e-garanhuns/imoveis/casa-terrea-no-condominio-prime-com-2-suites-e-closet-1528135117
CASA À VENDA NO LOT BOA VISTA,380000.0,Centro,93.0,3,2,2,venda,OLX,https://pe.olx.com.br/regiao-de-petrolina-e-garanhuns/imoveis/casa-venda-no-lot-boa-vista-1524775221
"Casa para venda ou aluguel no Jardim São Paulo, terreno de 252 m² e garagem, Petrolina, PE",220000.0,Jardim Sao Paulo,252.0,2,1,,venda,OLX,https://pe.olx.com.br/regiao-de-petrolina-e-garanhuns/imoveis/casa-para-venda-ou-aluguel-no-jardim-sao-paulo-terreno-de-252-m-e-garagem-petrolina-pe-1527970634
Casa centro n11 ,180000.0,Massangano,60.0,1,1,,venda,OLX,https://pe.olx.com.br/regiao-de-petrolina-e-garanhuns/imoveis/casa-centro-n11-1527963943
NÃO É APENAS UMA CASA. É O ENDEREÇO DE UMA NOVA FASE DA SUA VIDA.,2950000.0,Centro,300.0,4,4,4,venda,OLX,https://pe.olx.com.br/regiao-de-petrolina-e-garanhuns/imoveis/nao-e-apenas-uma-casa-e-o-endereco-de-uma-nova-fase-da-sua-vida-1527912789
CASA DE ALTO PADRÃO NO TERRAS ALPHAVILLE,2700000.0,Centro,300.0,3,3,4,venda,OLX,https://pe.olx.com.br/regiao-de-petrolina-e-garanhuns/imoveis/casa-de-alto-padrao-no-terras-alphaville-1527912415
Venda de Casa Vila Eduardo ,1200000.0,Vila Eduardo,300.0,3,4,5,venda,OLX,https://pe.olx.com.br/regiao-de-petrolina-e-garanhuns/imoveis/venda-de-casa-vila-eduardo-1527878445
Casa em construção. ,220000.0,Dom Avelar,80.0,3,2,2,venda,OLX,https://pe.olx.com.br/regiao-de-petrolina-e-garanhuns/imoveis/casa-em-construcao-1527720724
Casa no jardim São Paulo nova ,220000.0,Jardim Sao Paulo,72000.0,2,1,1,venda,OLX,https://pe.olx.com.br/regiao-de-petrolina-e-garanhuns/imoveis/casa-no-jardim-sao-paulo-nova-1527778038
Casa a venda,260000.0,Loteamento Recife,,2,1,2,venda,OLX,https://pe.olx.com.br/regiao-de-petrolina-e-garanhuns/imoveis/casa-a-venda-1526458243
Casa no Condominio Colinas do Bela Vista,1290000.0,Boa Esperanca,171.0,3,4,2,venda,OLX,https://pe.olx.com.br/regiao-de-petrolina-e-garanhuns/imoveis/casa-no-condominio-colinas-do-bela-vista-1527678799
Disponível na vila eduardo,260000.0,Centro,,3,2,1,venda,OLX,https://pe.olx.com.br/regiao-de-petrolina-e-garanhuns/imoveis/disponivel-na-vila-eduardo-1527654268
"Casa à venda no bairro Vila Eulália, 3 quartos, área gourmet, Petrolina-PE",400000.0,Antonio Cassimiro,93.0,2,2,,venda,OLX,https://pe.olx.com.br/regiao-de-petrolina-e-garanhuns/imoveis/casa-a-venda-no-bairro-vila-eulalia-3-quartos-area-gourmet-petrolina-pe-1527649257
APARTAMENTO PARA VENDA NO CENTRO PETROLINA .,270000.0,Centro,80.0,3,1,1,venda,OLX,https://pe.olx.com.br/regiao-de-petrolina-e-garanhuns/imoveis/apartamento-para-venda-no-centro-petrolina-1527547609
CASA PARA VENDA 03 QUARTOS - LOT RECIFE,340000.0,Loteamento Recife,100.0,2,1,1,venda,OLX,https://pe.olx.com.br/regiao-de-petrolina-e-garanhuns/imoveis/casa-para-venda-03-quartos-lot-recife-1527547610
CASA TÉRREA | 4 SUÍTES | BUONA VITA0,1100000.0,Centro,200.0,4,4,2,venda,OLX,https://pe.olx.com.br/regiao-de-petrolina-e-garanhuns/imoveis/casa-terrea-4-suites-buona-vita0-1527546642
Casa de Alto Padrão no Condomínio Buona Vita | 3 Quartos | Piscina | 153 m²,999000.0,Centro,200.0,3,3,2,venda,OLX,https://pe.olx.com.br/regiao-de-petrolina-e-garanhuns/imoveis/casa-de-alto-padrao-no-condominio-buona-vita-3-quartos-piscina-153-m-1527540780
"Casa à venda no Centro de Petrolina, 2 terrenos, 3 quartos, cozinha, Petrolina",650000.0,Centro,275.0,3,1,,venda,OLX,https://pe.olx.com.br/regiao-de-petrolina-e-garanhuns/imoveis/casa-a-venda-no-centro-de-petrolina-2-terrenos-3-quartos-cozinha-petrolina-1527539208
RARA OPORTUNIDADE NO CONDOMÍNIO SOL NASCENTE | ÁREA CENTRAL,950000.0,Centro,200.0,3,4,2,venda,OLX,https://pe.olx.com.br/regiao-de-petrolina-e-garanhuns/imoveis/rara-oportunidade-no-condominio-sol-nascente-area-central-1527532540
LLinda casa a venda no Vale das Mangueiras ,600000.0,Cohab Sao Francisco,144.0,3,3,1,venda,OLX,https://pe.olx.com.br/regiao-de-petrolina-e-garanhuns/imoveis/llinda-casa-a-venda-no-vale-das-mangueiras-1527539104
"Casa térrea, próximo ao Bodódromo",680000.0,Loteamento Recife,,3,4,2,venda,OLX,https://pe.olx.com.br/regiao-de-petrolina-e-garanhuns/imoveis/casa-terrea-proximo-ao-bododromo-1527430027
Apartamento disponível para venda no Edf Monte Carlo.,1500000.0,Atras Da Banca,198.0,4,4,2,venda,OLX,https://pe.olx.com.br/regiao-de-petrolina-e-garanhuns/imoveis/apartamento-disponivel-para-venda-no-edf-monte-carlo-1507131647
Apartamento disponível para venda no Edf Rio Ipanema,850000.0,Vila Eduardo,110.0,3,3,2,venda,OLX,https://pe.olx.com.br/regiao-de-petrolina-e-garanhuns/imoveis/apartamento-disponivel-para-venda-no-edf-rio-ipanema-1507031372
Apartamento Residencial Brasil,55000.0,Cohab Sao Francisco,,2,1,1,venda,OLX,https://pe.olx.com.br/regiao-de-petrolina-e-garanhuns/imoveis/apartamento-residencial-brasil-1527304572
"Casa, Residencial, Vila Eulalia, 3 dormitório(s), 2 vaga(s) de garagem",406600.0,Vila Eulalia,200.0,3,2,2,venda,OLX,https://pe.olx.com.br/regiao-de-petrolina-e-garanhuns/imoveis/casa-residencial-vila-eulalia-3-dormitorio-s-2-vaga-s-de-garagem-1511128964
Venda condomínio carlos Wilson ,365000.0,Fernando Idalino,69.0,2,1,1,venda,OLX,https://pe.olx.com.br/regiao-de-petrolina-e-garanhuns/imoveis/venda-condominio-carlos-wilson-1442845185
APARTAMENTO NA ORLA 03 QUARTOS- LOCALIZAÇÃO EXCELENTE,1500000.0,,145.0,1,1,2,venda,OLX,https://pe.olx.com.br/regiao-de-petrolina-e-garanhuns/imoveis/apartamento-na-orla-03-quartos-localizacao-excelente-1527183925
"Apartamento à venda no Condomínio Vila Nobre, 3 quartos, planejados, Petrolina",650000.0,Centro,80.0,2,2,,venda,OLX,https://pe.olx.com.br/regiao-de-petrolina-e-garanhuns/imoveis/apartamento-a-venda-no-condominio-vila-nobre-3-quartos-planejados-petrolina-1527176296
"Casa à venda no Lot. Colina do Rio, 3 quartos, sendo 01 suíte, closet, Petrolina",570000.0,Distrito Industrial,154.0,2,2,,venda,OLX,https://pe.olx.com.br/regiao-de-petrolina-e-garanhuns/imoveis/casa-a-venda-no-lot-colina-do-rio-3-quartos-sendo-01-suite-closet-petrolina-1527176313
Apartamento á venda no Edf Jose Mororó,900000.0,Centro,110.0,3,3,2,venda,OLX,https://pe.olx.com.br/regiao-de-petrolina-e-garanhuns/imoveis/apartamento-a-venda-no-edf-jose-mororo-1527162140
"Apartamento disponível para venda, Edf Prime Residence.",550000.0,Atras Da Banca,65.0,2,2,1,venda,OLX,https://pe.olx.com.br/regiao-de-petrolina-e-garanhuns/imoveis/apartamento-disponivel-para-venda-edf-prime-residence-1527160712
Imóvel para venda possui 80 metros quadrados com 3 quartos em Vila Eduardo - Petrolina - P,630000.0,Vila Eduardo,80.0,3,1,1,venda,OLX,https://pe.olx.com.br/regiao-de-petrolina-e-garanhuns/imoveis/imovel-para-venda-possui-80-metros-quadrados-com-3-quartos-em-vila-eduardo-petrolina-p-1527095016
Casa no Loteamento Boa Vista,380000.0,Jatoba,125.0,3,2,1,venda,OLX,https://pe.olx.com.br/regiao-de-petrolina-e-garanhuns/imoveis/casa-no-loteamento-boa-vista-1525522625
Casa no Cond. Buona Vita,1150000.0,Boa Esperanca,144.0,3,4,2,venda,OLX,https://pe.olx.com.br/regiao-de-petrolina-e-garanhuns/imoveis/casa-no-cond-buona-vita-1527077037
Casa no terras do sul - disponível para negociação,135500.0,Terra Do Sul,,2,1,4,venda,OLX,https://pe.olx.com.br/regiao-de-petrolina-e-garanhuns/imoveis/casa-no-terras-do-sul-disponivel-para-negociacao-1526972352
 casa venda condomínio alto padrão ,1990000.0,Fernando Idalino,198.0,4,4,2,venda,OLX,https://pe.olx.com.br/regiao-de-petrolina-e-garanhuns/imoveis/casa-venda-condominio-alto-padrao-1401271563
Casa pra venda na Areia Branca,350000.0,Dom Avelar,,4,3,1,venda,OLX,https://pe.olx.com.br/regiao-de-petrolina-e-garanhuns/imoveis/casa-pra-venda-na-areia-branca-1526899109
CASAS AVALIADAS PELA CAIXA MCMV - 3 QUARTOS COM 1 SUÍTE,255000.0,Antonio Cassimiro,,3,2,,venda,OLX,https://pe.olx.com.br/regiao-de-petrolina-e-garanhuns/imoveis/casas-avaliadas-pela-caixa-mcmv-3-quartos-com-1-suite-1525303811
Casa,200000.0,Areia Branca,200.0,2,2,1,venda,OLX,https://pe.olx.com.br/regiao-de-petrolina-e-garanhuns/imoveis/casa-1526806366
Casa em Condomínio Monte Carlo,510000.0,Centro,156.0,2,3,2,venda,OLX,https://pe.olx.com.br/regiao-de-petrolina-e-garanhuns/imoveis/casa-em-condominio-monte-carlo-1524993150
Casa a venda Lot. Vale Dourado ,250000.0,Joao De Deus,220.0,4,2,2,venda,OLX,https://pe.olx.com.br/regiao-de-petrolina-e-garanhuns/imoveis/casa-a-venda-lot-vale-dourado-1526577886
Imóvel para venda com 110 metros quadrados com 3 quartos em Vila Eduardo - Petrolina - PE,620000.0,Vila Eduardo,70.0,3,2,2,venda,OLX,https://pe.olx.com.br/regiao-de-petrolina-e-garanhuns/imoveis/imovel-para-venda-com-110-metros-quadrados-com-3-quartos-em-vila-eduardo-petrolina-pe-1518907322
"VENDO APARTAMENTO NA VILA MOCÓ, PETROLINA-PE.",450000.0,Vila Moco,,3,2,1,venda,OLX,https://pe.olx.com.br/regiao-de-petrolina-e-garanhuns/imoveis/vendo-apartamento-na-vila-moco-petrolina-pe-1494154338
CASA À VENDA NO LOTEAMENTO SÃO JOSÉ DE CASTRO.,260000.0,Sao Jose,,3,2,1,venda,OLX,https://pe.olx.com.br/regiao-de-petrolina-e-garanhuns/imoveis/casa-venda-no-loteamento-sao-jose-de-castro-1493344909
"Casa à venda, 3quartos, 1suite e piscina. Bairro Padre Cícero, Petrolina/PE",440000.0,Dom Avelar,200.0,3,2,2,venda,OLX,https://pe.olx.com.br/regiao-de-petrolina-e-garanhuns/imoveis/casa-a-venda-3quartos-1suite-e-piscina-bairro-padre-cicero-petrolina-pe-1526446160
Casa a venda ,250000.0,Alto Do Cocar,120.0,2,2,2,venda,OLX,https://pe.olx.com.br/regiao-de-petrolina-e-garanhuns/imoveis/casa-a-venda-1526432823
CASA NO JD PETRÓPOLIS EM PETROLINA PE R$ 120.000,120000.0,Centro,,3,2,2,venda,OLX,https://pe.olx.com.br/regiao-de-petrolina-e-garanhuns/imoveis/casa-no-jd-petropolis-em-petrolina-pe-r-120-000-1526369019
Imóvel para venda com 100 metros quadrados com 3 quartos em Centro - Petrolina - PE,440000.0,Centro,100.0,3,2,1,venda,OLX,https://pe.olx.com.br/regiao-de-petrolina-e-garanhuns/imoveis/imovel-para-venda-com-100-metros-quadrados-com-3-quartos-em-centro-petrolina-pe-1526313500
Imóvel a venda no Gercino Coelho (REPASSE),347000.0,Gercino Coelho,260.0,3,2,3,venda,OLX,https://pe.olx.com.br/regiao-de-petrolina-e-garanhuns/imoveis/imovel-a-venda-no-gercino-coelho-repasse-1526288333
CASA A VENDA - 03 QUARTOS - ATRAS DA BANCA,1100000.0,Atras Da Banca,176.0,1,1,1,venda,OLX,https://pe.olx.com.br/regiao-de-petrolina-e-garanhuns/imoveis/casa-a-venda-03-quartos-atras-da-banca-1526194207
Apto 3 minutos do Hospital da Unimed ,380000.0,Fernando Idalino,,3,2,1,venda,OLX,https://pe.olx.com.br/regiao-de-petrolina-e-garanhuns/imoveis/apto-3-minutos-do-hospital-da-unimed-1526191941
"Casa com 2 quartos, 2 salas, cozinha, banheiro ,área de serviço, ponto, garagem e quintal ",140000.0,Joao De Deus,,2,2,1,venda,OLX,https://pe.olx.com.br/regiao-de-petrolina-e-garanhuns/imoveis/casa-com-2-quartos-2-salas-cozinha-banheiro-area-de-servico-ponto-garagem-e-quintal-1526188020
"Casa à venda no Cond. Colinas Bela Vista, 3 suítes com closet, gourmet, piscina",1290000.0,Boa Esperanca,171.0,3,4,,venda,OLX,https://pe.olx.com.br/regiao-de-petrolina-e-garanhuns/imoveis/casa-a-venda-no-cond-colinas-bela-vista-3-suites-com-closet-gourmet-piscina-1526184576
Casa Térrea à Venda  no Condomínio Alphaville com 3 quartos (Porteira Fechada),1900000.0,Boa Esperanca,,3,3,2,venda,OLX,https://pe.olx.com.br/regiao-de-petrolina-e-garanhuns/imoveis/casa-terrea-a-venda-no-condominio-alphaville-com-3-quartos-porteira-fechada-1526071707
Casa a Venda no Condomínio Sol Nascente Orla - Petrolina ,1650000.0,Jatoba,,3,3,2,venda,OLX,https://pe.olx.com.br/regiao-de-petrolina-e-garanhuns/imoveis/casa-a-venda-no-condominio-sol-nascente-orla-petrolina-1492357903
Duplex disponível para venda no Bairro Jardim Amazonas.,700000.0,Jardim Amazonas,150.0,4,4,1,venda,OLX,https://pe.olx.com.br/regiao-de-petrolina-e-garanhuns/imoveis/duplex-disponivel-para-venda-no-bairro-jardim-amazonas-1526060203
"APARTAMENTO À VENDA NO EDIFÍCIO RIO TERRA NOVA, PETEOLINA (PE) ",620000.0,,104.0,3,2,2,venda,OLX,https://pe.olx.com.br/regiao-de-petrolina-e-garanhuns/imoveis/apartamento-venda-no-edificio-rio-terra-nova-peteolina-pe-1419811725
Condomínio Edifício Marina,650000.0,Cidade Universitaria,120.0,3,3,2,venda,OLX,https://pe.olx.com.br/regiao-de-petrolina-e-garanhuns/imoveis/condominio-edificio-marina-1525920431
"Casa com 3 suíte à venda no BUONA VITA, sala de estar, sala de jantar",1350000.0,Loteamento Recife,160.0,3,3,2,venda,OLX,https://pe.olx.com.br/regiao-de-petrolina-e-garanhuns/imoveis/casa-com-3-suite-a-venda-no-buona-vita-sala-de-estar-sala-de-jantar-1525871393
Casa de Alto Padrão no Condomínio Buona Vita | 3 Quartos | Piscina | 153 m²,1000000.0,Centro,200.0,3,3,2,venda,OLX,https://pe.olx.com.br/regiao-de-petrolina-e-garanhuns/imoveis/casa-de-alto-padrao-no-condominio-buona-vita-3-quartos-piscina-153-m-1525804433
ALTO PADRÃO NO CONDOMÍNIO ECO SPA,2200000.0,Centro,570.0,5,4,4,venda,OLX,https://pe.olx.com.br/regiao-de-petrolina-e-garanhuns/imoveis/alto-padrao-no-condominio-eco-spa-1525775036
casa a venda vila nova 1 Petrolina ,280000.0,Loteamento Recife,75.0,2,2,2,venda,OLX,https://pe.olx.com.br/regiao-de-petrolina-e-garanhuns/imoveis/casa-a-venda-vila-nova-1-petrolina-1481148498
Casa no Bairro dom avelar,180000.0,Dom Avelar,100.0,3,2,1,venda,OLX,https://pe.olx.com.br/regiao-de-petrolina-e-garanhuns/imoveis/casa-no-bairro-dom-avelar-1523792579
Casa no Portal da cidade,450000.0,Portal Da Cidade,240.0,3,2,1,venda,OLX,https://pe.olx.com.br/regiao-de-petrolina-e-garanhuns/imoveis/casa-no-portal-da-cidade-1524087842
Cond. Terras Alphaville Petrolina,2950000.0,Boa Esperanca,286.0,4,5,3,venda,OLX,https://pe.olx.com.br/regiao-de-petrolina-e-garanhuns/imoveis/cond-terras-alphaville-petrolina-1524082942
Casa no Condomínio Buona Vita  Fase 2,1100000.0,Boa Esperanca,135.0,3,4,2,venda,OLX,https://pe.olx.com.br/regiao-de-petrolina-e-garanhuns/imoveis/casa-no-condominio-buona-vita-fase-2-1522791329
Casa à venda Alto do Cocar,859000.0,Alto Do Cocar,200.0,3,3,1,venda,OLX,https://pe.olx.com.br/regiao-de-petrolina-e-garanhuns/imoveis/casa-a-venda-alto-do-cocar-1523706375
Casa à  Venda No Santa Luzia,240000.0,Dom Avelar,100.0,2,2,1,venda,OLX,https://pe.olx.com.br/regiao-de-petrolina-e-garanhuns/imoveis/casa-a-venda-no-santa-luzia-1523700958
Casa no condomínio Terras Alphaville - Petrolina,2950000.0,Boa Esperanca,268.0,4,5,2,venda,OLX,https://pe.olx.com.br/regiao-de-petrolina-e-garanhuns/imoveis/casa-no-condominio-terras-alphaville-petrolina-1523798592
Casa dentro de condomínio com 03 quartos à venda em Petrolina/PE!,1600000.0,Boa Esperanca,190.0,3,3,,venda,OLX,https://pe.olx.com.br/regiao-de-petrolina-e-garanhuns/imoveis/casa-dentro-de-condominio-com-03-quartos-a-venda-em-petrolina-pe-1473449501
Imóvel bem localizado no Bairro Vila Eulália ,699000.0,Cohab Sao Francisco,180.0,3,3,4,venda,OLX,https://pe.olx.com.br/regiao-de-petrolina-e-garanhuns/imoveis/imovel-bem-localizado-no-bairro-vila-eulalia-1525697892
"Uma casa para quem não abre mão de espaço, conforto e exclusividade.",2000000.0,Centro,250.0,4,3,2,venda,OLX,https://pe.olx.com.br/regiao-de-petrolina-e-garanhuns/imoveis/uma-casa-para-quem-nao-abre-mao-de-espaco-conforto-e-exclusividade-1525645502
CASA À VENDA EM PETROLINA ?,570000.0,Distrito Industrial,154.0,3,2,2,venda,OLX,https://pe.olx.com.br/regiao-de-petrolina-e-garanhuns/imoveis/casa-venda-em-petrolina-1525634353
"CASA  AMPLA COM 154 M² DE ÁREA CONSTRUÍDA NO BAIRRO COLINA DO RIO, PETROLINA-PE",570000.0,Cohab Sao Francisco,154.0,3,2,2,venda,OLX,https://pe.olx.com.br/regiao-de-petrolina-e-garanhuns/imoveis/casa-ampla-com-154-m-de-area-construida-no-bairro-colina-do-rio-petrolina-pe-1525632467
Cana no Lot. Vila Nova,250000.0,Boa Esperanca,100.0,3,2,1,venda,OLX,https://pe.olx.com.br/regiao-de-petrolina-e-garanhuns/imoveis/cana-no-lot-vila-nova-1525631307
Imóvel à Venda,880000.0,Centro,200.0,2,1,1,venda,OLX,https://pe.olx.com.br/regiao-de-petrolina-e-garanhuns/imoveis/imovel-a-venda-1525621058
Vende-se imóvel no centro de Petrolina ,880000.0,Centro,200.0,2,1,1,venda,OLX,https://pe.olx.com.br/regiao-de-petrolina-e-garanhuns/imoveis/vende-se-imovel-no-centro-de-petrolina-1525620441
"Casa à venda no Cond. Água Viva, 4 suítes, Piscina, Alto Padrão, Petrolina",2500000.0,Centro,220.0,3,2,,venda,OLX,https://pe.olx.com.br/regiao-de-petrolina-e-garanhuns/imoveis/casa-a-venda-no-cond-agua-viva-4-suites-piscina-alto-padrao-petrolina-1525595758
"Casa à venda no Alphaville, 4 suítes, closet, Gourmet, piscina, Petrolina-PE",2950000.0,Boa Esperanca,285.0,4,5,,venda,OLX,https://pe.olx.com.br/regiao-de-petrolina-e-garanhuns/imoveis/casa-a-venda-no-alphaville-4-suites-closet-gourmet-piscina-petrolina-pe-1525595556
CASA DE ALTO PADRÃO À VENDA NO CONDOMÍNIO BUONA VITA | 241 m²,1800000.0,Centro,241.0,4,4,2,venda,OLX,https://pe.olx.com.br/regiao-de-petrolina-e-garanhuns/imoveis/casa-de-alto-padrao-venda-no-condominio-buona-vita-241-m-1525594529
CASA À VENDA | CONDOMÍNIO ENCONTRO DAS ÁGUAS,1700000.0,Centro,200.0,4,5,2,venda,OLX,https://pe.olx.com.br/regiao-de-petrolina-e-garanhuns/imoveis/casa-venda-condominio-encontro-das-aguas-1525560435
Casa no Bairro Liteamento Recife,340000.0,Loteamento Recife,70.0,3,2,1,venda,OLX,https://pe.olx.com.br/regiao-de-petrolina-e-garanhuns/imoveis/casa-no-bairro-liteamento-recife-1525457868
"Casa de 225m² à venda no bairro Jatobá, Petrolina-PE",410000.0,Jatoba,225.0,3,2,4,venda,OLX,https://pe.olx.com.br/regiao-de-petrolina-e-garanhuns/imoveis/casa-de-225m-a-venda-no-bairro-jatoba-petrolina-pe-1509380428
Casa em Petrolina ,210000.0,Centro,,3,2,2,venda,OLX,https://pe.olx.com.br/regiao-de-petrolina-e-garanhuns/imoveis/casa-em-petrolina-1525383563
casa,140000.0,Joao De Deus,140.0,3,1,1,venda,OLX,https://pe.olx.com.br/regiao-de-petrolina-e-garanhuns/imoveis/casa-1525333582
Casa Residencial à Venda no Centro de Petrolina (PE),1000000.0,Vila Eulalia,472.0,,,,venda,OLX,https://pe.olx.com.br/regiao-de-petrolina-e-garanhuns/imoveis/casa-residencial-a-venda-no-centro-de-petrolina-pe-1525312504
CASA A VENDA COM DUAS UNIDADES INDEPENDENTES - BAIRRO AREIA BRANCA,1750000.0,Areia Branca,375.0,5,4,3,venda,OLX,https://pe.olx.com.br/regiao-de-petrolina-e-garanhuns/imoveis/casa-a-venda-com-duas-unidades-independentes-bairro-areia-branca-1525312293
"VENDO !  Casa, no bairro José de Castro!",610000.0,,143.0,3,3,2,venda,OLX,https://pe.olx.com.br/regiao-de-petrolina-e-garanhuns/imoveis/vendo-casa-no-bairro-jose-de-castro-1449864513
Apartamento disponivel Edifício Katharina,450000.0,Vila Eduardo,60.0,3,2,1,venda,OLX,https://pe.olx.com.br/regiao-de-petrolina-e-garanhuns/imoveis/apartamento-disponivel-edificio-katharina-1525261746
CASA DE ALTO PADRÃO À VENDA | CONDOMÍNIO ECO SPA,2850000.0,Centro,580.0,3,5,4,venda,OLX,https://pe.olx.com.br/regiao-de-petrolina-e-garanhuns/imoveis/casa-de-alto-padrao-venda-condominio-eco-spa-1525252202
"Casa duplex  toda na Lage ,",850000.0,Vila Moco,,4,4,2,venda,OLX,https://pe.olx.com.br/regiao-de-petrolina-e-garanhuns/imoveis/casa-duplex-toda-na-lage-1525244717
"CASA ESPAÇOSA, CONFORTÁVEL E COM EXCELENTE POTENCIAL DE VALORIZAÇÃO",330000.0,Dom Avelar,240.0,3,2,3,venda,OLX,https://pe.olx.com.br/regiao-de-petrolina-e-garanhuns/imoveis/casa-espacosa-confortavel-e-com-excelente-potencial-de-valorizacao-1525241178
"Casa na rua dois n.110 Pedro raimundo, atrás do posto de saúde tel 87- *,",250000.0,Pedro Raimundo,144.0,3,2,2,venda,OLX,https://pe.olx.com.br/regiao-de-petrolina-e-garanhuns/imoveis/casa-na-rua-dois-n-110-pedro-raimundo-atras-do-posto-de-saude-tel-87-1525233283
APARTAMENTO TODO MOBILIADO E PLANEJADO ,580000.0,Centro,62.0,2,2,1,venda,OLX,https://pe.olx.com.br/regiao-de-petrolina-e-garanhuns/imoveis/apartamento-todo-mobiliado-e-planejado-1508931792
Casa no Caminho do Sol,740000.0,Caminho Do Sol,190.0,4,4,4,venda,OLX,https://pe.olx.com.br/regiao-de-petrolina-e-garanhuns/imoveis/casa-no-caminho-do-sol-1525199265
CASA À VENDA NO ALPHAVILLE | PETROLINA,1500000.0,Centro,300.0,3,3,2,venda,OLX,https://pe.olx.com.br/regiao-de-petrolina-e-garanhuns/imoveis/casa-venda-no-alphaville-petrolina-1525153947
APARTAMENTO 3/4 COM SUÍTE NA VILA MOCÓ- PETROLINA-PE,400000.0,Vila Moco,,3,2,1,venda,OLX,https://pe.olx.com.br/regiao-de-petrolina-e-garanhuns/imoveis/apartamento-3-4-com-suite-na-vila-moco-petrolina-pe-1523715205
Casa no Jatobá,415000.0,Jatoba,125.0,3,3,,venda,OLX,https://pe.olx.com.br/regiao-de-petrolina-e-garanhuns/imoveis/casa-no-jatoba-1518089397
Casa no Bairro Colina do Rio,650000.0,Cohab Sao Francisco,152.0,3,3,2,venda,OLX,https://pe.olx.com.br/regiao-de-petrolina-e-garanhuns/imoveis/casa-no-bairro-colina-do-rio-1518104790
Duplex Disponível para venda - Cond. Sol Nascente,1450000.0,Fernando Idalino,220.0,3,4,1,venda,OLX,https://pe.olx.com.br/regiao-de-petrolina-e-garanhuns/imoveis/duplex-disponivel-para-venda-cond-sol-nascente-1515038725
Casa disponível Condomínio Alphaville,1900000.0,Boa Esperanca,200.0,3,5,2,venda,OLX,https://pe.olx.com.br/regiao-de-petrolina-e-garanhuns/imoveis/casa-disponivel-condominio-alphaville-1522725557
Casa no Bairro Portal da Cidade,430000.0,Portal Da Cidade,104.0,3,3,1,venda,OLX,https://pe.olx.com.br/regiao-de-petrolina-e-garanhuns/imoveis/casa-no-bairro-portal-da-cidade-1523515125
Repasso apartamento já financiado,70000.0,Joao De Deus,55.0,2,1,1,venda,OLX,https://pe.olx.com.br/regiao-de-petrolina-e-garanhuns/imoveis/repasso-apartamento-ja-financiado-1525122577
Repasse unique residence ,350000.0,Centro,74.0,2,2,1,venda,OLX,https://pe.olx.com.br/regiao-de-petrolina-e-garanhuns/imoveis/repasse-unique-residence-1525116820
"Casa térrea,",280000.0,Portal Da Cidade,,3,2,2,venda,OLX,https://pe.olx.com.br/regiao-de-petrolina-e-garanhuns/imoveis/casa-terrea-1509516165
Apartamento a venda - 1° andar - bairro Jatobá/Petrolina ,365000.0,Jatoba,,3,2,1,venda,OLX,https://pe.olx.com.br/regiao-de-petrolina-e-garanhuns/imoveis/apartamento-a-venda-1-andar-bairro-jatoba-petrolina-1525044249
Casa 5 quartos centro de Petrolina !!!!,1200000.0,Vila Moco,180.0,5,3,1,venda,OLX,https://pe.olx.com.br/regiao-de-petrolina-e-garanhuns/imoveis/casa-5-quartos-centro-de-petrolina--1525015429
Casa no condominio Park Jatobá - Luxo e Natureza se encontram Melhor Localização Petrolina,1230000.0,Jatoba,312.0,4,5,2,venda,OLX,https://pe.olx.com.br/regiao-de-petrolina-e-garanhuns/imoveis/casa-no-condominio-park-jatoba-luxo-e-natureza-se-encontram-melhor-localizacao-petrolina-1525006192
Casa no Bairro Padre José de Castro com Piscina,600000.0,Loteamento Recife,140.0,3,3,2,venda,OLX,https://pe.olx.com.br/regiao-de-petrolina-e-garanhuns/imoveis/casa-no-bairro-padre-jose-de-castro-com-piscina-1514417682
Vendo 1 casa,750000.0,Caminho Do Sol,450.0,4,5,4,venda,OLX,https://pe.olx.com.br/regiao-de-petrolina-e-garanhuns/imoveis/vendo-1-casa-1524984736
Casa condomínio Buona Vita ,840000.0,Loteamento Recife,145.0,3,2,2,venda,OLX,https://pe.olx.com.br/regiao-de-petrolina-e-garanhuns/imoveis/casa-condominio-buona-vita-1517609135
Casa no Portal da Cidade,330000.0,Portal Da Cidade,150.0,3,2,2,venda,OLX,https://pe.olx.com.br/regiao-de-petrolina-e-garanhuns/imoveis/casa-no-portal-da-cidade-1524951343
Repasse Visus,80000.0,Atras Da Banca,20.0,1,1,1,venda,OLX,https://pe.olx.com.br/regiao-de-petrolina-e-garanhuns/imoveis/repasse-visus-1517688771
Apartamento disponível para Venda e Locação no bairro Vila Mocó em Petrolina-PE,300000.0,Vila Moco,47.0,2,1,1,venda,OLX,https://pe.olx.com.br/regiao-de-petrolina-e-garanhuns/imoveis/apartamento-disponivel-para-venda-e-locacao-no-bairro-vila-moco-em-petrolina-pe-1524942760
"Apartamento padrão para Venda e Locação, Cohab São Francisco, Petrolina, PE",260000.0,Cohab Sao Francisco,54.0,2,2,1,venda,OLX,https://pe.olx.com.br/regiao-de-petrolina-e-garanhuns/imoveis/apartamento-padrao-para-venda-e-locacao-cohab-sao-francisco-petrolina-pe-1524942621
CASA PARA VENDA 03 QUARTOS - LOT. RECIFE,370000.0,Loteamento Recife,100.0,2,1,1,venda,OLX,https://pe.olx.com.br/regiao-de-petrolina-e-garanhuns/imoveis/casa-para-venda-03-quartos-lot-recife-1524893123
OPORTUNIDADE NA VILA MOCÓ | ÁREA CENTRAL DE PETROLINA,790000.0,Vila Moco,140.0,4,1,2,venda,OLX,https://pe.olx.com.br/regiao-de-petrolina-e-garanhuns/imoveis/oportunidade-na-vila-moco-area-central-de-petrolina-1524845488
CASA À VENDA | ALPHAVILLE PETROLINA,1900000.0,Centro,300.0,3,4,2,venda,OLX,https://pe.olx.com.br/regiao-de-petrolina-e-garanhuns/imoveis/casa-venda-alphaville-petrolina-1524807187
Casa ,495000.0,Cohab Sao Francisco,200.0,4,4,2,venda,OLX,https://pe.olx.com.br/regiao-de-petrolina-e-garanhuns/imoveis/casa-1524804061
Casa térrea 5 minutos da @univasf ,450000.0,Jardim Maravilha,,3,2,2,venda,OLX,https://pe.olx.com.br/regiao-de-petrolina-e-garanhuns/imoveis/casa-terrea-5-minutos-da-univasf-1524799306
"Casa térrea, 3 suítes, nascente, Cond. Prime.",1200000.0,Cidade Universitaria,140.0,3,4,2,venda,OLX,https://pe.olx.com.br/regiao-de-petrolina-e-garanhuns/imoveis/casa-terrea-3-suites-nascente-cond-prime-1521390261
"IMÓVEL À VENDA NA VILA MANOELA, PETROLINA-PE ",250000.0,Centro,,3,2,,venda,OLX,https://pe.olx.com.br/regiao-de-petrolina-e-garanhuns/imoveis/imovel-venda-na-vila-manoela-petrolina-pe-1474823664
CASA PARA VENDA - RIO CLARO - 03 QUARTOS,280000.0,Rio Claro,100.0,2,1,1,venda,OLX,https://pe.olx.com.br/regiao-de-petrolina-e-garanhuns/imoveis/casa-para-venda-rio-claro-03-quartos-1524681041
CASA A VENDA - 04 QUARTOS - BAIRRO CAMINHO DO SOL,510000.0,Areia Branca,250.0,3,2,1,venda,OLX,https://pe.olx.com.br/regiao-de-petrolina-e-garanhuns/imoveis/casa-a-venda-04-quartos-bairro-caminho-do-sol-1524681008
CASA A VENDA - 03 QUARTOS - BAIRRO CAMINHO DO SOL,520000.0,Caminho Do Sol,160.0,2,,1,venda,OLX,https://pe.olx.com.br/regiao-de-petrolina-e-garanhuns/imoveis/casa-a-venda-03-quartos-bairro-caminho-do-sol-1524681049
CASA TÉRREA - 3/4 (SENDO 01 SUITE) - DOM AVELAR - PETROLINA PE ,265000.0,Dom Avelar,,3,2,,venda,OLX,https://pe.olx.com.br/regiao-de-petrolina-e-garanhuns/imoveis/casa-terrea-3-4-sendo-01-suite-dom-avelar-petrolina-pe-1449288951
Casa à venda no condomínio Portal das Águas com 5 suítes ,2500000.0,Pedra Do Bode,800.0,5,5,2,venda,OLX,https://pe.olx.com.br/regiao-de-petrolina-e-garanhuns/imoveis/casa-a-venda-no-condominio-portal-das-aguas-com-5-suites-1504695935
Casa à Venda no Condomínio Portal das Águas ,3000000.0,Pedra Do Bode,376.0,5,5,2,venda,OLX,https://pe.olx.com.br/regiao-de-petrolina-e-garanhuns/imoveis/casa-a-venda-no-condominio-portal-das-aguas-1507298529
CASA À VENDA!,230000.0,Gercino Coelho,240.0,4,1,1,venda,OLX,https://pe.olx.com.br/regiao-de-petrolina-e-garanhuns/imoveis/casa-venda-1524532943
CASA À VENDA!,250000.0,Joao De Deus,144.0,2,2,1,venda,OLX,https://pe.olx.com.br/regiao-de-petrolina-e-garanhuns/imoveis/casa-venda-1524532899
APARTAMENTO PARA LOCAÇÃO E VENDA!,250000.0,Cohab Sao Francisco,90.0,2,1,1,venda,OLX,https://pe.olx.com.br/regiao-de-petrolina-e-garanhuns/imoveis/apartamento-para-locacao-e-venda-1524532025
CASA EM CONDOMINIO À VENDA!,1000000.0,Jatoba,800.0,2,1,1,venda,OLX,https://pe.olx.com.br/regiao-de-petrolina-e-garanhuns/imoveis/casa-em-condominio-venda-1524526086
Casa em Petrolina ,200000.0,Centro,,3,2,,venda,OLX,https://pe.olx.com.br/regiao-de-petrolina-e-garanhuns/imoveis/casa-em-petrolina-1524514462
Casa a venda ,270000.0,Vila Eduardo,,2,2,,venda,OLX,https://pe.olx.com.br/regiao-de-petrolina-e-garanhuns/imoveis/casa-a-venda-1524517691
CASA À VENDA | CONDOMÍNIO PORTAL DAS ÁGUAS,3000000.0,Centro,400.0,5,5,4,venda,OLX,https://pe.olx.com.br/regiao-de-petrolina-e-garanhuns/imoveis/casa-venda-condominio-portal-das-aguas-1524465390
CASA À VENDA NO ALPHAVILLE PETROLINA,1900000.0,Centro,315.0,3,3,2,venda,OLX,https://pe.olx.com.br/regiao-de-petrolina-e-garanhuns/imoveis/casa-venda-no-alphaville-petrolina-1524459727
CASA VILA EULÁLIA 10x25 4 QUARTOS ,430000.0,Vila Eulalia,175.0,4,3,2,venda,OLX,https://pe.olx.com.br/regiao-de-petrolina-e-garanhuns/imoveis/casa-vila-eulalia-10x25-4-quartos-1524448194
APARTAMENTO TÉRREO CONDOMÍNIO VALE DO SOL ,190000.0,Topazio,,2,1,1,venda,OLX,https://pe.olx.com.br/regiao-de-petrolina-e-garanhuns/imoveis/apartamento-terreo-condominio-vale-do-sol-1524434803
Casa Nova à Venda Condomínio Colinas Bella Vista,1250000.0,Boa Esperanca,169.0,3,4,2,venda,OLX,https://pe.olx.com.br/regiao-de-petrolina-e-garanhuns/imoveis/casa-nova-a-venda-condominio-colinas-bella-vista-1524422614
"Casa à venda no Alphaville, 3 suítes com closet, piscina, gourmet, Petrolina",1900000.0,Boa Esperanca,198.0,3,4,,venda,OLX,https://pe.olx.com.br/regiao-de-petrolina-e-garanhuns/imoveis/casa-a-venda-no-alphaville-3-suites-com-closet-piscina-gourmet-petrolina-1524422081
VENDE - SE CASA ALTO PADRÃO - PETROLINA/PE,1350000.0,Atras Da Banca,329.0,4,3,4,venda,OLX,https://pe.olx.com.br/regiao-de-petrolina-e-garanhuns/imoveis/vende-se-casa-alto-padrao-petrolina-pe-1524409891
Casa na cohab,180000.0,Centro,,2,1,,venda,OLX,https://pe.olx.com.br/regiao-de-petrolina-e-garanhuns/imoveis/casa-na-cohab-1524376957
Casa a venda ,280000.0,Vila Eduardo,,3,1,,venda,OLX,https://pe.olx.com.br/regiao-de-petrolina-e-garanhuns/imoveis/casa-a-venda-1524336268
Apartamento à venda  no vila rea,140000.0,Antonio Cassimiro,54.0,2,1,1,venda,OLX,https://pe.olx.com.br/regiao-de-petrolina-e-garanhuns/imoveis/apartamento-a-venda-no-vila-rea-1524263608
Edf Vida Bela ( Na Planta),340000.0,Atras Da Banca,57.0,2,2,1,venda,OLX,https://pe.olx.com.br/regiao-de-petrolina-e-garanhuns/imoveis/edf-vida-bela-na-planta-1358938395
Casa de Luxo à Venda,395000.0,Sao Goncalo,111.0,3,3,3,venda,OLX,https://pe.olx.com.br/regiao-de-petrolina-e-garanhuns/imoveis/casa-de-luxo-a-venda-1524221371
Apartamento para Venda no Edf. Athos Ville | 3 Quartos sendo 1 Suíte,900000.0,Centro,95.0,3,3,2,venda,OLX,https://pe.olx.com.br/regiao-de-petrolina-e-garanhuns/imoveis/apartamento-para-venda-no-edf-athos-ville-3-quartos-sendo-1-suite-1524170554
 Vende-se Casa Vila Vitoria,85000.0,Henrique Leite,,3,2,1,venda,OLX,https://pe.olx.com.br/regiao-de-petrolina-e-garanhuns/imoveis/vende-se-casa-vila-vitoria-1524154615
"Casa à venda no Cond. Alphaville, 3 suítes, piscina, Gourmet cozinha, Petrolina",2900000.0,Boa Esperanca,330.0,3,4,,venda,OLX,https://pe.olx.com.br/regiao-de-petrolina-e-garanhuns/imoveis/casa-a-venda-no-cond-alphaville-3-suites-piscina-gourmet-cozinha-petrolina-1524145847
Oportunidade no Antônio Cassimiro ,270000.0,Rio Corrente,,2,2,,venda,OLX,https://pe.olx.com.br/regiao-de-petrolina-e-garanhuns/imoveis/oportunidade-no-antonio-cassimiro-1524146397
"Apartamento à venda 3quartos, 1suite master com closet, no Edf. Chateau de La Ri",1800000.0,Centro,132.0,3,3,2,venda,OLX,https://pe.olx.com.br/regiao-de-petrolina-e-garanhuns/imoveis/apartamento-a-venda-3quartos-1suite-master-com-closet-no-edf-chateau-de-la-ri-1524126505
CASA NO QUATI UM,265000.0,Jardim Sao Paulo,160.0,3,2,2,venda,OLX,https://pe.olx.com.br/regiao-de-petrolina-e-garanhuns/imoveis/casa-no-quati-um-1524072701
Vendo casa no projeto N10 na rua D,60000.0,Dom Avelar,140.0,1,1,1,venda,OLX,https://pe.olx.com.br/regiao-de-petrolina-e-garanhuns/imoveis/vendo-casa-no-projeto-n10-na-rua-d-1524042402
Vendo Casa no centro de Petrolina,360000.0,Centro,,3,2,1,venda,OLX,https://pe.olx.com.br/regiao-de-petrolina-e-garanhuns/imoveis/vendo-casa-no-centro-de-petrolina-1523895891
Apartamento Edifício José Mororó,750000.0,Centro,94.0,3,3,2,venda,OLX,https://pe.olx.com.br/regiao-de-petrolina-e-garanhuns/imoveis/apartamento-edificio-jose-mororo-1523876353
CASA PARA VENDA JARDIM SAO PAULO - 02 QUARTOS,240000.0,Jardim Sao Paulo,144.0,2,1,2,venda,OLX,https://pe.olx.com.br/regiao-de-petrolina-e-garanhuns/imoveis/casa-para-venda-jardim-sao-paulo-02-quartos-1523871775
Casa ,750000.0,Vila Eulalia,265.0,4,5,2,venda,OLX,https://pe.olx.com.br/regiao-de-petrolina-e-garanhuns/imoveis/casa-1523857067
Imóvel localizado a 3 minutos da orla,1100000.0,Atras Da Banca,175.0,3,3,3,venda,OLX,https://pe.olx.com.br/regiao-de-petrolina-e-garanhuns/imoveis/imovel-localizado-a-3-minutos-da-orla-1523822757
Imóvel para venda possui 200 metros quadrados com 3 quartos em Dom Avelar - Petrolina - PE,300000.0,Dom Avelar,200.0,3,2,,venda,OLX,https://pe.olx.com.br/regiao-de-petrolina-e-garanhuns/imoveis/imovel-para-venda-possui-200-metros-quadrados-com-3-quartos-em-dom-avelar-petrolina-pe-1523771189
APARTAMENTO- RESIDENCIAL PAULO COELHO- VILA MOCÓ- PETROLINA-PE,260000.0,Vila Moco,,2,1,1,venda,OLX,https://pe.olx.com.br/regiao-de-petrolina-e-garanhuns/imoveis/apartamento-residencial-paulo-coelho-vila-moco-petrolina-pe-1523749651
Vendo apartamento 3/4 Jatobá ,349000.0,Jatoba,87.0,3,2,1,venda,OLX,https://pe.olx.com.br/regiao-de-petrolina-e-garanhuns/imoveis/vendo-apartamento-3-4-jatoba-1489766906
Vendo casa escriturada na Vila Eulália ,320000.0,Vila Eulalia,125.0,3,2,2,venda,OLX,https://pe.olx.com.br/regiao-de-petrolina-e-garanhuns/imoveis/vendo-casa-escriturada-na-vila-eulalia-1523568987
CASA TÉRREA NASCENTE NO ALPHAVILLE,1600000.0,Boa Esperanca,,3,3,2,venda,OLX,https://pe.olx.com.br/regiao-de-petrolina-e-garanhuns/imoveis/casa-terrea-nascente-no-alphaville-1523495519
CASA À VENDA | CONDOMÍNIO SOL NASCENTE,1500000.0,Centro,200.0,4,4,2,venda,OLX,https://pe.olx.com.br/regiao-de-petrolina-e-garanhuns/imoveis/casa-venda-condominio-sol-nascente-1523479465
"Vendo casa em Petrolina no bairro Jardim São Paulo R$ 270.000,00",270000.0,Jardim Sao Paulo,76.0,2,1,2,venda,OLX,https://pe.olx.com.br/regiao-de-petrolina-e-garanhuns/imoveis/vendo-casa-em-petrolina-no-bairro-jardim-sao-paulo-r-270-000-00-1523470385
Casa no cassimiro,130000.0,Ouro Preto,,2,3,1,venda,OLX,https://pe.olx.com.br/regiao-de-petrolina-e-garanhuns/imoveis/casa-no-cassimiro-1523412440
"Imóvel com 2 casas independentes, ideal para morar e alugar_ Terra do Sul Petrolina",350000.0,Terra Do Sul,180.0,5,4,1,venda,OLX,https://pe.olx.com.br/regiao-de-petrolina-e-garanhuns/imoveis/imovel-com-2-casas-independentes-ideal-para-morar-e-alugar-terra-do-sul-petrolina-1523363647
Apartamento a Venda,275000.0,Boa Esperanca,57.0,2,2,1,venda,OLX,https://pe.olx.com.br/regiao-de-petrolina-e-garanhuns/imoveis/apartamento-a-venda-1523363052
Casa no Bairro Vila Eduardo,750000.0,Vila Eduardo,132.0,3,4,2,venda,OLX,https://pe.olx.com.br/regiao-de-petrolina-e-garanhuns/imoveis/casa-no-bairro-vila-eduardo-1523360275
"APARTAMENTO À VENDA NO CONDOMÍNIO VALE DOS COQUEIROS, PETROLINA-PE.",250000.0,Cohab Sao Francisco,,2,2,1,venda,OLX,https://pe.olx.com.br/regiao-de-petrolina-e-garanhuns/imoveis/apartamento-venda-no-condominio-vale-dos-coqueiros-petrolina-pe-1507437613
ALTO PADRÃO NO SOL NASCENTE ORLA,2250000.0,Centro,270.0,4,5,2,venda,OLX,https://pe.olx.com.br/regiao-de-petrolina-e-garanhuns/imoveis/alto-padrao-no-sol-nascente-orla-1523330875
Sua próxima casa pode estar no Buona Vita!,1100000.0,Centro,200.0,3,4,2,venda,OLX,https://pe.olx.com.br/regiao-de-petrolina-e-garanhuns/imoveis/sua-proxima-casa-pode-estar-no-buona-vita-1523326480
CASAS A VENDA!,250000.0,Centro,,3,2,2,venda,OLX,https://pe.olx.com.br/regiao-de-petrolina-e-garanhuns/imoveis/casas-a-venda-1523305209
Residencial vila verde ,120000.0,Antonio Cassimiro,48.0,2,1,1,venda,OLX,https://pe.olx.com.br/regiao-de-petrolina-e-garanhuns/imoveis/residencial-vila-verde-1523281319
Casa Dom Avealr,350000.0,Dom Avelar,140.0,3,2,1,venda,OLX,https://pe.olx.com.br/regiao-de-petrolina-e-garanhuns/imoveis/casa-dom-avealr-1521061296
Casa Espaçosa e de qualidade em Petrolina,300000.0,Portal Da Cidade,108.0,3,2,2,venda,OLX,https://pe.olx.com.br/regiao-de-petrolina-e-garanhuns/imoveis/casa-espacosa-e-de-qualidade-em-petrolina-1523212222
Casa Alphaville Petrolina - Veja a descrição ,1900000.0,Boa Esperanca,198.0,4,5,4,venda,OLX,https://pe.olx.com.br/regiao-de-petrolina-e-garanhuns/imoveis/casa-alphaville-petrolina-veja-a-descricao-1523168965
Apto 2 minutos da Univasf ,340000.0,Centro,,2,1,1,venda,OLX,https://pe.olx.com.br/regiao-de-petrolina-e-garanhuns/imoveis/apto-2-minutos-da-univasf-1507364741
Casa ,220000.0,Km-2,5.0,2,1,1,venda,OLX,https://pe.olx.com.br/regiao-de-petrolina-e-garanhuns/imoveis/casa-1523064733
"Casa à venda no Portal das Águas, 5 quartos, piscina, PETROLINA - PE",3000000.0,Centro,376.0,1,5,3,venda,OLX,https://pe.olx.com.br/regiao-de-petrolina-e-garanhuns/imoveis/casa-a-venda-no-portal-das-aguas-5-quartos-piscina-petrolina-pe-1523063459
"Casa à venda, 4quartos, 1suite com closet e sacada no Condomínio Sol Nascente 1,",1390000.0,Cidade Universitaria,242.0,4,3,2,venda,OLX,https://pe.olx.com.br/regiao-de-petrolina-e-garanhuns/imoveis/casa-a-venda-4quartos-1suite-com-closet-e-sacada-no-condominio-sol-nascente-1-1523051106
CASA PARQUE PETROLINA,310000.0,Topazio,74.0,3,2,1,venda,OLX,https://pe.olx.com.br/regiao-de-petrolina-e-garanhuns/imoveis/casa-parque-petrolina-1522914811
Casa 10x20 ,570000.0,Loteamento Recife,143.0,3,4,2,venda,OLX,https://pe.olx.com.br/regiao-de-petrolina-e-garanhuns/imoveis/casa-10x20-1519353411
"Casa à venda no Cond. Vila Viva, 3 quartos, planejados, Petrolina",730000.0,Joao De Deus,180.0,2,2,,venda,OLX,https://pe.olx.com.br/regiao-de-petrolina-e-garanhuns/imoveis/casa-a-venda-no-cond-vila-viva-3-quartos-planejados-petrolina-1522845779
CASA À VENDA!,300000.0,Topazio,100.0,3,1,1,venda,OLX,https://pe.olx.com.br/regiao-de-petrolina-e-garanhuns/imoveis/casa-venda-1522830187
"Apartamento à venda, 3quartos, 1suite, Edf. Rio Jordão, Henrique Leite, Petrolin",349000.0,Henrique Leite,97.0,3,2,1,venda,OLX,https://pe.olx.com.br/regiao-de-petrolina-e-garanhuns/imoveis/apartamento-a-venda-3quartos-1suite-edf-rio-jordao-henrique-leite-petrolin-1522830171
Casa no bairro Boa Vista.,280000.0,Henrique Leite,70.0,3,2,1,venda,OLX,https://pe.olx.com.br/regiao-de-petrolina-e-garanhuns/imoveis/casa-no-bairro-boa-vista-1434534811
Casa à venda em condomínio com 3/4 e 114 m² de área construída em Petrolina ?,530000.0,Dom Avelar,114.0,3,3,1,venda,OLX,https://pe.olx.com.br/regiao-de-petrolina-e-garanhuns/imoveis/casa-a-venda-em-condominio-com-3-4-e-114-m-de-area-construida-em-petrolina-1457342405
Edf Carlos Wilson ,350000.0,Atras Da Banca,57.0,2,1,1,venda,OLX,https://pe.olx.com.br/regiao-de-petrolina-e-garanhuns/imoveis/edf-carlos-wilson-1522731608
"Casa em condomínio à venda, Boa Esperança - Petrolina/PE",1290000.0,Vila Eduardo,172.0,,,,venda,OLX,https://pe.olx.com.br/regiao-de-petrolina-e-garanhuns/imoveis/casa-em-condominio-a-venda-boa-esperanca-petrolina-pe-1522630028
"Casa em condomínio à venda, Boa Esperança - Petrolina/PE",1100000.0,Boa Esperanca,140.0,,,,venda,OLX,https://pe.olx.com.br/regiao-de-petrolina-e-garanhuns/imoveis/casa-em-condominio-a-venda-boa-esperanca-petrolina-pe-1522630020
CASA A VENDA EM CONDOMINIO,850000.0,Loteamento Recife,240.0,,3,2,venda,OLX,https://pe.olx.com.br/regiao-de-petrolina-e-garanhuns/imoveis/casa-a-venda-em-condominio-1522630024
"Casa em condomínio à venda, COHAB São Francisco - Petrolina/PE",1100000.0,Cohab Sao Francisco,221.0,,,,venda,OLX,https://pe.olx.com.br/regiao-de-petrolina-e-garanhuns/imoveis/casa-em-condominio-a-venda-cohab-sao-francisco-petrolina-pe-1522630027
"Casa em condomínio à venda, Topázio - Petrolina/PE",650000.0,Centro,146.0,,,,venda,OLX,https://pe.olx.com.br/regiao-de-petrolina-e-garanhuns/imoveis/casa-em-condominio-a-venda-topazio-petrolina-pe-1522630030
"Apartamento à venda, Orla - Petrolina/PE",900000.0,Vila Eduardo,110.0,,,,venda,OLX,https://pe.olx.com.br/regiao-de-petrolina-e-garanhuns/imoveis/apartamento-a-venda-orla-petrolina-pe-1522630035
CASA A VENDA EM CONDOMINIO,1800000.0,Boa Esperanca,200.0,,5,2,venda,OLX,https://pe.olx.com.br/regiao-de-petrolina-e-garanhuns/imoveis/casa-a-venda-em-condominio-1522630036
CASA A VENDA EM CONDOMINIO,690000.0,Loteamento Recife,240.0,3,2,2,venda,OLX,https://pe.olx.com.br/regiao-de-petrolina-e-garanhuns/imoveis/casa-a-venda-em-condominio-1522630037
"Casa em condomínio à venda, Padre Cicero - Petrolina/PE",530000.0,Dom Avelar,120.0,,,,venda,OLX,https://pe.olx.com.br/regiao-de-petrolina-e-garanhuns/imoveis/casa-em-condominio-a-venda-padre-cicero-petrolina-pe-1522630021
"Casa em condomínio à venda, Boa Esperança - Petrolina/PE",2870000.0,Boa Esperanca,230.0,,,,venda,OLX,https://pe.olx.com.br/regiao-de-petrolina-e-garanhuns/imoveis/casa-em-condominio-a-venda-boa-esperanca-petrolina-pe-1522630022
APARTAMENTO À VENDA  EDIFÍCIO RIO JORDÃO  PETROLINA/PE,349000.0,Henrique Leite,78.0,3,2,1,venda,OLX,https://pe.olx.com.br/regiao-de-petrolina-e-garanhuns/imoveis/apartamento-venda-edificio-rio-jordao-petrolina-pe-1522602286
Disponível na vila Eduardo,200000.0,Centro,,2,1,,venda,OLX,https://pe.olx.com.br/regiao-de-petrolina-e-garanhuns/imoveis/disponivel-na-vila-eduardo-1522564274
Casa na cohab 6,300000.0,Centro,99.0,3,2,2,venda,OLX,https://pe.olx.com.br/regiao-de-petrolina-e-garanhuns/imoveis/casa-na-cohab-6-1522516895
Ampla Casa Dom Avelar | 3 Quartos,270000.0,Antonio Cassimiro,80.0,3,2,1,venda,OLX,https://pe.olx.com.br/regiao-de-petrolina-e-garanhuns/imoveis/ampla-casa-dom-avelar-3-quartos-1522495846
Apartamento Térreo Residencial Vivendas 2,65000.0,Cohab Massangano,,2,1,,venda,OLX,https://pe.olx.com.br/regiao-de-petrolina-e-garanhuns/imoveis/apartamento-terreo-residencial-vivendas-2-1522474356
Casa - COHAB Massangano,425000.0,Cohab Massangano,200.0,3,3,2,venda,OLX,https://pe.olx.com.br/regiao-de-petrolina-e-garanhuns/imoveis/casa-cohab-massangano-1511294600
Casa Jardim Amazonas próximo da Av. Tropeiros,320000.0,Jardim Amazonas,84.0,3,2,1,venda,OLX,https://pe.olx.com.br/regiao-de-petrolina-e-garanhuns/imoveis/casa-jardim-amazonas-proximo-da-av-tropeiros-1514732756
Casa no Cond. Encontro das Águas,847000.0,Cohab Vi,146.0,3,3,2,venda,OLX,https://pe.olx.com.br/regiao-de-petrolina-e-garanhuns/imoveis/casa-no-cond-encontro-das-aguas-1514646851
Casa no Condomínio Buona Vita - Fase,1000000.0,Loteamento Recife,200.0,3,3,2,venda,OLX,https://pe.olx.com.br/regiao-de-petrolina-e-garanhuns/imoveis/casa-no-condominio-buona-vita-fase-1516541354
Casa no Cond. Encontro das Águas,900000.0,Cohab Vi,146.0,3,2,2,venda,OLX,https://pe.olx.com.br/regiao-de-petrolina-e-garanhuns/imoveis/casa-no-cond-encontro-das-aguas-1516932214
Casas Bairro Antônio Cassimiro,250000.0,Antonio Cassimiro,104.0,3,1,1,venda,OLX,https://pe.olx.com.br/regiao-de-petrolina-e-garanhuns/imoveis/casas-bairro-antonio-cassimiro-1519581163
CASA NOVA À VENDA  LOTEAMENTO RECIFE  PETROLINA/PE,360000.0,Loteamento Recife,80.0,3,2,1,venda,OLX,https://pe.olx.com.br/regiao-de-petrolina-e-garanhuns/imoveis/casa-nova-venda-loteamento-recife-petrolina-pe-1522393885
**CASA DE ALTO PADRÃO NO TERRAS ALPHAVILLE | 4 SUÍTES + PISCINA**,2400000.0,Centro,300.0,4,4,2,venda,OLX,https://pe.olx.com.br/regiao-de-petrolina-e-garanhuns/imoveis/casa-de-alto-padrao-no-terras-alphaville-4-suites-piscina-1522353020
E se a sua próxima casa fosse essa?,1700000.0,Centro,300.0,4,4,2,venda,OLX,https://pe.olx.com.br/regiao-de-petrolina-e-garanhuns/imoveis/e-se-a-sua-proxima-casa-fosse-essa-1522352341
CASA A VENDA NA PARCELA,150000.0,Jose E Maria,,2,2,,venda,OLX,https://pe.olx.com.br/regiao-de-petrolina-e-garanhuns/imoveis/casa-a-venda-na-parcela-1522293367
Apto na orla de Petrolina ,700000.0,Atras Da Banca,,3,2,1,venda,OLX,https://pe.olx.com.br/regiao-de-petrolina-e-garanhuns/imoveis/apto-na-orla-de-petrolina-1506338734
Compre sua casa parcelada ,180000.0,Cohab Massangano,225.0,2,2,3,venda,OLX,https://pe.olx.com.br/regiao-de-petrolina-e-garanhuns/imoveis/compre-sua-casa-parcelada-1522225032
Casa Nascente Mobiliada Cond. Alphaville Petrolina-PE,2350000.0,Boa Esperanca,279.0,5,5,4,venda,OLX,https://pe.olx.com.br/regiao-de-petrolina-e-garanhuns/imoveis/casa-nascente-mobiliada-cond-alphaville-petrolina-pe-1478385599
Sobrado de Alto Padrão à Venda no Condomínio Sol Nascente  Cidade Universitária | Petrolin,899000.0,Cidade Universitaria,200.0,3,4,2,venda,OLX,https://pe.olx.com.br/regiao-de-petrolina-e-garanhuns/imoveis/sobrado-de-alto-padrao-a-venda-no-condominio-sol-nascente-cidade-universitaria-petrolin-1522160045
Apartamento cond. vinhedos ,220000.0,Antonio Cassimiro,45.0,2,1,1,venda,OLX,https://pe.olx.com.br/regiao-de-petrolina-e-garanhuns/imoveis/apartamento-cond-vinhedos-1522147449
Casa à venda no condomínio Portal das Águas com 4 suítes ,3000000.0,Pedra Do Bode,400.0,5,5,3,venda,OLX,https://pe.olx.com.br/regiao-de-petrolina-e-garanhuns/imoveis/casa-a-venda-no-condominio-portal-das-aguas-com-4-suites-1504700611
Casa térrea à venda no Condomínio Eco Spa com 4 Suítes (Porteira Fechada),1700000.0,Vila Eduardo,,4,5,2,venda,OLX,https://pe.olx.com.br/regiao-de-petrolina-e-garanhuns/imoveis/casa-terrea-a-venda-no-condominio-eco-spa-com-4-suites-porteira-fechada-1504712822
CASA À VENDA  LOTEAMENTO COLINA DO RIO  PETROLINA/PE,570000.0,Cohab Sao Francisco,154.0,3,2,2,venda,OLX,https://pe.olx.com.br/regiao-de-petrolina-e-garanhuns/imoveis/casa-venda-loteamento-colina-do-rio-petrolina-pe-1522066386
Casa Condomínio Buona Vita,1100000.0,Loteamento Recife,,3,4,2,venda,OLX,https://pe.olx.com.br/regiao-de-petrolina-e-garanhuns/imoveis/casa-condominio-buona-vita-1520342594
"Apartamento à venda 3quartos e 1suite, Edf. Morada Real no Jatobá em Petrolina/P",400000.0,Jatoba,65.0,3,2,1,venda,OLX,https://pe.olx.com.br/regiao-de-petrolina-e-garanhuns/imoveis/apartamento-a-venda-3quartos-e-1suite-edf-morada-real-no-jatoba-em-petrolina-p-1522000401
Apartamento no centro de Petrolina a as,600000.0,Centro,76.0,3,2,1,venda,OLX,https://pe.olx.com.br/regiao-de-petrolina-e-garanhuns/imoveis/apartamento-no-centro-de-petrolina-a-as-1522004286
"CASA DE 04 QUARTOS PERTO DE ACADEMIAS, UNIVERSIDADE, CURSINHO E MERCADOS",790000.0,Vila Moco,139.0,4,3,2,venda,OLX,https://pe.olx.com.br/regiao-de-petrolina-e-garanhuns/imoveis/casa-de-04-quartos-perto-de-academias-universidade-cursinho-e-mercados-1521969430
Casa Vila nova Bairro loteamento Recife ,335000.0,Loteamento Recife,,3,2,,venda,OLX,https://pe.olx.com.br/regiao-de-petrolina-e-garanhuns/imoveis/casa-vila-nova-bairro-loteamento-recife-1521960592
"Excelente oportunidade, Apartamento próximo a Igreja Matriz e Orla",420000.0,Centro,90.0,3,2,1,venda,OLX,https://pe.olx.com.br/regiao-de-petrolina-e-garanhuns/imoveis/excelente-oportunidade-apartamento-proximo-a-igreja-matriz-e-orla-1521960115
CASA NOVA À VENDA | CONDOMÍNIO COLINAS BELLA VISTA,1100000.0,Centro,276.0,3,4,2,venda,OLX,https://pe.olx.com.br/regiao-de-petrolina-e-garanhuns/imoveis/casa-nova-venda-condominio-colinas-bella-vista-1521959505
Compre uma casa no Condominio Vila Nobre em Petrolina com 3 quartos,250000.0,Topazio,55.0,3,1,1,venda,OLX,https://pe.olx.com.br/regiao-de-petrolina-e-garanhuns/imoveis/compre-uma-casa-no-condominio-vila-nobre-em-petrolina-com-3-quartos-1487847659
Studio a venda com localização estratégica em Petrolina,334570.0,Centro,24.0,1,1,,venda,OLX,https://pe.olx.com.br/regiao-de-petrolina-e-garanhuns/imoveis/studio-a-venda-com-localizacao-estrategica-em-petrolina-1470265491
Casa a venda no Cond Buona Vitta em Petrolina,1100000.0,Boa Esperanca,140.0,3,3,3,venda,OLX,https://pe.olx.com.br/regiao-de-petrolina-e-garanhuns/imoveis/casa-a-venda-no-cond-buona-vitta-em-petrolina-1470233792
Apartamento a venda na orla de Petrolina com 3 quartos,690000.0,Atras Da Banca,87.0,3,2,1,venda,OLX,https://pe.olx.com.br/regiao-de-petrolina-e-garanhuns/imoveis/apartamento-a-venda-na-orla-de-petrolina-com-3-quartos-1487851710
Casa no cond Oasis Prime pelo programa MORAR BEM em Petrolina ,240000.0,Portal Da Cidade,90.0,2,2,1,venda,OLX,https://pe.olx.com.br/regiao-de-petrolina-e-garanhuns/imoveis/casa-no-cond-oasis-prime-pelo-programa-morar-bem-em-petrolina-1411991335
Vende-se casas ,385000.0,Cosme E Damiao,206250.0,5,4,2,venda,OLX,https://pe.olx.com.br/regiao-de-petrolina-e-garanhuns/imoveis/vende-se-casas-1521879357
"Casa com energia solar ,vila Eulália ",490000.0,Vila Eulalia,250.0,3,3,3,venda,OLX,https://pe.olx.com.br/regiao-de-petrolina-e-garanhuns/imoveis/casa-com-energia-solar-vila-eulalia-1521831626
Casa com piscina Sonho realizado ,680000.0,Vila Eduardo,,3,3,2,venda,OLX,https://pe.olx.com.br/regiao-de-petrolina-e-garanhuns/imoveis/casa-com-piscina-sonho-realizado-1472435818
Vendo casa,50000.0,Dom Avelar,60.0,2,1,,venda,OLX,https://pe.olx.com.br/regiao-de-petrolina-e-garanhuns/imoveis/vendo-casa-1521750008
Imóvel para venda tem 65 metros quadrados com 2 quartos em Vila Mocó - Petrolina - PE,250000.0,Vila Moco,65.0,2,1,,venda,OLX,https://pe.olx.com.br/regiao-de-petrolina-e-garanhuns/imoveis/imovel-para-venda-tem-65-metros-quadrados-com-2-quartos-em-vila-moco-petrolina-pe-1521741662
"Casa à venda no Loteamento Assemco com 2 quartos, garagem e quintal amplo, Petrolina, PE",220000.0,Sao Goncalo,70.0,2,1,,venda,OLX,https://pe.olx.com.br/regiao-de-petrolina-e-garanhuns/imoveis/casa-a-venda-no-loteamento-assemco-com-2-quartos-garagem-e-quintal-amplo-petrolina-pe-1521568429
"Casa à venda no Loteamento Assemco com 2 quartos, garagem e possibilidade de subsídios hab",215000.0,Sao Goncalo,70.0,2,1,,venda,OLX,https://pe.olx.com.br/regiao-de-petrolina-e-garanhuns/imoveis/casa-a-venda-no-loteamento-assemco-com-2-quartos-garagem-e-possibilidade-de-subsidios-hab-1521572206
Casa para venda no condomínio Buona Vita com área gourmet completa,1150000.0,Centro,,3,4,,venda,OLX,https://pe.olx.com.br/regiao-de-petrolina-e-garanhuns/imoveis/casa-para-venda-no-condominio-buona-vita-com-area-gourmet-completa-1521503722
VENDE-SE CASA NUM CASSIMIRO 130 MIL,130000.0,Antonio Cassimiro,100.0,3,2,2,venda,OLX,https://pe.olx.com.br/regiao-de-petrolina-e-garanhuns/imoveis/vende-se-casa-num-cassimiro-130-mil-1521430394
CASA,250000.0,Vila Eduardo,,3,2,1,venda,OLX,https://pe.olx.com.br/regiao-de-petrolina-e-garanhuns/imoveis/casa-1521365034
Condomínio Valle das mangueiras ,249000.0,Antonio Cassimiro,50.0,2,1,2,venda,OLX,https://pe.olx.com.br/regiao-de-petrolina-e-garanhuns/imoveis/condominio-valle-das-mangueiras-1497317550
CASA À VENDA - COND. MAIS VIVER PETROLINA,565000.0,Antonio Cassimiro,100.0,2,4,2,venda,OLX,https://pe.olx.com.br/regiao-de-petrolina-e-garanhuns/imoveis/casa-venda-cond-mais-viver-petrolina-1521349690
VENDO APARTAMENTO NO BAIRRO JATOBÁ! 1 andar ,260000.0,Loteamento Recife,58.0,2,2,1,venda,OLX,https://pe.olx.com.br/regiao-de-petrolina-e-garanhuns/imoveis/vendo-apartamento-no-bairro-jatoba-1-andar-1499399097
LINDO APARTAMENTO A VENDA BAIRRO CENTRAL ,260001.0,Loteamento Recife,58.0,2,2,1,venda,OLX,https://pe.olx.com.br/regiao-de-petrolina-e-garanhuns/imoveis/lindo-apartamento-a-venda-bairro-central-1499400042
LINDA CASA A VENDA NO CONDOMÍNIO SOL NASCENTE ORLA! ,1700000.0,Loteamento Recife,200.0,3,3,2,venda,OLX,https://pe.olx.com.br/regiao-de-petrolina-e-garanhuns/imoveis/linda-casa-a-venda-no-condominio-sol-nascente-orla-1451534141
CASA 3 PAVIMENTOS ESPETACULAR NO CONDOMÍNIO BUONA VITA,1250000.0,Loteamento Recife,200.0,3,5,2,venda,OLX,https://pe.olx.com.br/regiao-de-petrolina-e-garanhuns/imoveis/casa-3-pavimentos-espetacular-no-condominio-buona-vita-1228239673
"CASA A VENDA CONDOMÍNIO ALPHAVILLE! 2 PAVIMENTOS, PISCINA, NOVA!",1950000.0,Loteamento Recife,300.0,4,5,4,venda,OLX,https://pe.olx.com.br/regiao-de-petrolina-e-garanhuns/imoveis/casa-a-venda-condominio-alphaville-2-pavimentos-piscina-nova-1253414710
VENDO CASA CONDOMÍNIO ALPHAVILLE!,2300000.0,Loteamento Recife,300.0,3,5,4,venda,OLX,https://pe.olx.com.br/regiao-de-petrolina-e-garanhuns/imoveis/vendo-casa-condominio-alphaville-1253417221
CASA DE 1 ANDAR NO CONDOMINIO SOL NASCENTE ORLA ,1900000.0,Loteamento Recife,300.0,5,3,2,venda,OLX,https://pe.olx.com.br/regiao-de-petrolina-e-garanhuns/imoveis/casa-de-1-andar-no-condominio-sol-nascente-orla-1207014052
OPORTUNIDADE CASA LUXO CONDOMÍNIO ALPHAVILLE PETROLINA,1240000.0,Loteamento Recife,300.0,3,5,2,venda,OLX,https://pe.olx.com.br/regiao-de-petrolina-e-garanhuns/imoveis/oportunidade-casa-luxo-condominio-alphaville-petrolina-1208492553
"VENDO LINDA CASA NO BAIRRO OURO PRETO! Próximo a tudo, rua pavimentada! ",250000.0,Loteamento Recife,100.0,3,3,1,venda,OLX,https://pe.olx.com.br/regiao-de-petrolina-e-garanhuns/imoveis/vendo-linda-casa-no-bairro-ouro-preto-proximo-a-tudo-rua-pavimentada-1453053018
VENDO CASA CONDOMÍNIO PRIME! NASCENTE E GRANDE! ,1290000.0,Loteamento Recife,200.0,3,3,2,venda,OLX,https://pe.olx.com.br/regiao-de-petrolina-e-garanhuns/imoveis/vendo-casa-condominio-prime-nascente-e-grande-1307828331
VENDO LINDA CASA NO CONDOMÍNIO CAMPOS DO CONDE! OPORTUNIDADE!,595000.0,Loteamento Recife,240.0,3,4,4,venda,OLX,https://pe.olx.com.br/regiao-de-petrolina-e-garanhuns/imoveis/vendo-linda-casa-no-condominio-campos-do-conde-oportunidade-1163232299
VENDO CASA DOIS PAVIMENTOS CONDOMÍNIO BUONA VITA!,1350000.0,Loteamento Recife,232.0,4,5,2,venda,OLX,https://pe.olx.com.br/regiao-de-petrolina-e-garanhuns/imoveis/vendo-casa-dois-pavimentos-condominio-buona-vita-1378235896
VENDO APARTAMENTOS EXCELENTE LOCALIZAÇÃO! PARTE PARCELAMENTO COM A CONSTRUTORA!,265000.0,Loteamento Recife,60.0,2,2,1,venda,OLX,https://pe.olx.com.br/regiao-de-petrolina-e-garanhuns/imoveis/vendo-apartamentos-excelente-localizacao-parte-parcelamento-com-a-construtora-1253422804
OPORTUNIDADE CASA EM CONDOMÍNIO NO PADRE CICERO EM PETROLINA   ,465000.0,Loteamento Recife,124.0,3,2,2,venda,OLX,https://pe.olx.com.br/regiao-de-petrolina-e-garanhuns/imoveis/oportunidade-casa-em-condominio-no-padre-cicero-em-petrolina-1358241024
OPORTUNIDADE! APARTAMENTOS CENTRAL! PARCELADOS COM A CONSTRUTORA! ,155000.0,Loteamento Recife,28.0,1,1,3,venda,OLX,https://pe.olx.com.br/regiao-de-petrolina-e-garanhuns/imoveis/oportunidade-apartamentos-central-parcelados-com-a-construtora-1413139958
CASA CONDOMINIO SOL NASCENTE ETAPA 3! AMPLA E COM MÓVEIS PLANEJADOS!,1050000.0,Loteamento Recife,200.0,3,4,2,venda,OLX,https://pe.olx.com.br/regiao-de-petrolina-e-garanhuns/imoveis/casa-condominio-sol-nascente-etapa-3-ampla-e-com-moveis-planejados-1432525909
CASA LINDA BAIRRO COLINAS DO RIO! LUXO E PERFEIÇÃO!,500000.0,Loteamento Recife,200.0,3,3,3,venda,OLX,https://pe.olx.com.br/regiao-de-petrolina-e-garanhuns/imoveis/casa-linda-bairro-colinas-do-rio-luxo-e-perfeicao-1432528886
CASA DOIS PAVIMENTOS LUXO BUONA VITA CONDOMÍNIO! NOVA!,1750000.0,Loteamento Recife,200.0,4,4,2,venda,OLX,https://pe.olx.com.br/regiao-de-petrolina-e-garanhuns/imoveis/casa-dois-pavimentos-luxo-buona-vita-condominio-nova-1432526899
PONTO COMERCIAL 14mx32m + CASA NO CENTRO DE PETROLINA,2000000.0,Loteamento Recife,448.0,5,5,,venda,OLX,https://pe.olx.com.br/regiao-de-petrolina-e-garanhuns/imoveis/ponto-comercial-14mx32m-casa-no-centro-de-petrolina-1432523817
CASA DOIS PAVIMENTOS BUONA VITA! PREÇO IMPERDÍVEL!,1190000.0,Loteamento Recife,250.0,3,3,2,venda,OLX,https://pe.olx.com.br/regiao-de-petrolina-e-garanhuns/imoveis/casa-dois-pavimentos-buona-vita-preco-imperdivel-1432524945
VENDO CASA DOIS PAVIMENTOS EM CONDOMÍNIO! OPORTUNIDADE!,650000.0,Loteamento Recife,140.0,3,2,,venda,OLX,https://pe.olx.com.br/regiao-de-petrolina-e-garanhuns/imoveis/vendo-casa-dois-pavimentos-em-condominio-oportunidade-1360205104
VENDO CASA NO COND. PRIME! NASCENTE! ,1300000.0,Loteamento Recife,,3,2,2,venda,OLX,https://pe.olx.com.br/regiao-de-petrolina-e-garanhuns/imoveis/vendo-casa-no-cond-prime-nascente-1378236339
VENDO TERRENO NA ORLA 1 DE PETROLINA! ESCRITURADO!,500000.0,Loteamento Recife,500.0,,,2,venda,OLX,https://pe.olx.com.br/regiao-de-petrolina-e-garanhuns/imoveis/vendo-terreno-na-orla-1-de-petrolina-escriturado-1378239764
CASA BUONA VITA CONDOMÍNIO! NOVA! Preço imperdível! ,890000.0,Loteamento Recife,200.0,3,3,2,venda,OLX,https://pe.olx.com.br/regiao-de-petrolina-e-garanhuns/imoveis/casa-buona-vita-condominio-nova-preco-imperdivel-1432527326
VENDO LINDA CASA CONDOMÍNIO PRIME! OPORTUNIDADE! ,950000.0,Loteamento Recife,200.0,3,3,2,venda,OLX,https://pe.olx.com.br/regiao-de-petrolina-e-garanhuns/imoveis/vendo-linda-casa-condominio-prime-oportunidade-1307825488
VENDO CASA LOTEAMENTO RECIFE! 10x21 OPORTUNIDADE ,670000.0,Loteamento Recife,210.0,3,3,4,venda,OLX,https://pe.olx.com.br/regiao-de-petrolina-e-garanhuns/imoveis/vendo-casa-loteamento-recife-10x21-oportunidade-1307826315
Duplex no Condomínio Buona Vita,1300000.0,Centro,230.0,4,4,2,venda,OLX,https://pe.olx.com.br/regiao-de-petrolina-e-garanhuns/imoveis/duplex-no-condominio-buona-vita-1521300380
ALTO PADRÃO PORTEIRA FECHADA À VENDA | ALPHAVILLE PETROLINA,2420000.0,Centro,300.0,5,5,2,venda,OLX,https://pe.olx.com.br/regiao-de-petrolina-e-garanhuns/imoveis/alto-padrao-porteira-fechada-venda-alphaville-petrolina-1521265388
CASA DE ALTO PADRÃO À VENDA | ALPHAVILLE PETROLINA,3200000.0,Centro,300.0,5,3,2,venda,OLX,https://pe.olx.com.br/regiao-de-petrolina-e-garanhuns/imoveis/casa-de-alto-padrao-venda-alphaville-petrolina-1521263538
Casa muito boa ,250000.0,Dom Avelar,,2,1,3,venda,OLX,https://pe.olx.com.br/regiao-de-petrolina-e-garanhuns/imoveis/casa-muito-boa-1521255549
"Casa com 2 quartos 1 banheiro, sala e cozinha no dom avelar",150000.0,Dom Avelar,200.0,2,1,2,venda,OLX,https://pe.olx.com.br/regiao-de-petrolina-e-garanhuns/imoveis/casa-com-2-quartos-1-banheiro-sala-e-cozinha-no-dom-avelar-1521251150
Casa de Alto Padrão à Venda | Terras Alphaville Petrolina,1700000.0,Centro,300.0,4,5,2,venda,OLX,https://pe.olx.com.br/regiao-de-petrolina-e-garanhuns/imoveis/casa-de-alto-padrao-a-venda-terras-alphaville-petrolina-1521240606
"Casa térrea, 3 minutos do shopping ",500000.0,Vila Eduardo,,3,2,2,venda,OLX,https://pe.olx.com.br/regiao-de-petrolina-e-garanhuns/imoveis/casa-terrea-3-minutos-do-shopping-1505221952
Venda de casa de chácara ,180000.0,Maria Auxiliadora,330.0,2,2,5,venda,OLX,https://pe.olx.com.br/regiao-de-petrolina-e-garanhuns/imoveis/venda-de-casa-de-chacara-1521206981
CASA TÉRREA DE ALTO PADRÃO | ALPHAVILLE PETROLINA,1790000.0,Centro,350.0,4,4,2,venda,OLX,https://pe.olx.com.br/regiao-de-petrolina-e-garanhuns/imoveis/casa-terrea-de-alto-padrao-alphaville-petrolina-1521118307
CASA DE ALTO PADRÃO À VENDA | CONDOMÍNIO ECO SPA,1700000.0,Centro,360.0,3,3,2,venda,OLX,https://pe.olx.com.br/regiao-de-petrolina-e-garanhuns/imoveis/casa-de-alto-padrao-venda-condominio-eco-spa-1521116583
ALTO PADRÃO À VENDA | CONDOMÍNIO BUONA VITA,1350000.0,Centro,240.0,3,4,2,venda,OLX,https://pe.olx.com.br/regiao-de-petrolina-e-garanhuns/imoveis/alto-padrao-venda-condominio-buona-vita-1521116244
Casa no bairro beija flor ao lado do condomínio vale dos coqueiros 3/4 sendo uma suíte ,190000.0,Jose E Maria,100.0,3,2,1,venda,OLX,https://pe.olx.com.br/regiao-de-petrolina-e-garanhuns/imoveis/casa-no-bairro-beija-flor-ao-lado-do-condominio-vale-dos-coqueiros-3-4-sendo-uma-suite-1521115563
Casa primeiro andar ,800000.0,Cohab Sao Francisco,1450.0,3,3,2,venda,OLX,https://pe.olx.com.br/regiao-de-petrolina-e-garanhuns/imoveis/casa-primeiro-andar-1521111767
CASA 10X20 A VENDA OU TROCA ,205000.0,Joao De Deus,200.0,2,1,2,venda,OLX,https://pe.olx.com.br/regiao-de-petrolina-e-garanhuns/imoveis/casa-10x20-a-venda-ou-troca-1521106048
CASA BUONA VITA - 3 QUARTOS + PISCINA E NASCENTE ,1080000.0,Boa Esperanca,115.0,3,4,1,venda,OLX,https://pe.olx.com.br/regiao-de-petrolina-e-garanhuns/imoveis/casa-buona-vita-3-quartos-piscina-e-nascente-1521062166
Casa,150000.0,Lagoa,,2,1,,venda,OLX,https://pe.olx.com.br/regiao-de-petrolina-e-garanhuns/imoveis/casa-1521029670
Apartamento Petrolina Centro Dúplex,440000.0,Centro,168.0,3,3,1,venda,OLX,https://pe.olx.com.br/regiao-de-petrolina-e-garanhuns/imoveis/apartamento-petrolina-centro-duplex-1521011260
"Casa à venda com três quartos, sendo um uma suíte - Vila Nova | Petrolina-PE",285000.0,Loteamento Recife,100.0,3,2,1,venda,OLX,https://pe.olx.com.br/regiao-de-petrolina-e-garanhuns/imoveis/casa-a-venda-com-tres-quartos-sendo-um-uma-suite-vila-nova-petrolina-pe-1521009420
Apartamento Mobiliado ,800000.0,Centro,94.0,3,3,1,venda,OLX,https://pe.olx.com.br/regiao-de-petrolina-e-garanhuns/imoveis/apartamento-mobiliado-1422153940
Casa DOM AVELAR,230000.0,Dom Avelar,67.0,2,1,1,venda,OLX,https://pe.olx.com.br/regiao-de-petrolina-e-garanhuns/imoveis/casa-dom-avelar-1521000350
Apto próximo a FACAPE ,350000.0,Vila Eduardo,,3,2,1,venda,OLX,https://pe.olx.com.br/regiao-de-petrolina-e-garanhuns/imoveis/apto-proximo-a-facape-1488507476
"Vende Casa 3 quartos, 1 suite, Cohab São Francisco, Petrolina/PE",610000.0,Cohab Sao Francisco,200.0,3,2,2,venda,OLX,https://pe.olx.com.br/regiao-de-petrolina-e-garanhuns/imoveis/vende-casa-3-quartos-1-suite-cohab-sao-francisco-petrolina-pe-1520947740
CASA A VENDA - 03 QUARTOS - BAIRRO RIO CLARO,290000.0,Rio Claro,100.0,3,1,1,venda,OLX,https://pe.olx.com.br/regiao-de-petrolina-e-garanhuns/imoveis/casa-a-venda-03-quartos-bairro-rio-claro-1520859720
VENDO CASA NO ALPHAVILLE COM 4 QUARTOS E PISCINA,1800000.0,Boa Esperanca,410.0,4,3,4,venda,OLX,https://pe.olx.com.br/regiao-de-petrolina-e-garanhuns/imoveis/vendo-casa-no-alphaville-com-4-quartos-e-piscina-1520859293
VENDE-SE CASA JOAO DE DEUS,270000.0,Joao De Deus,108.0,3,2,1,venda,OLX,https://pe.olx.com.br/regiao-de-petrolina-e-garanhuns/imoveis/vende-se-casa-joao-de-deus-1520857103
Casa no bairro Ipsep,380000.0,Dom Avelar,200.0,3,3,2,venda,OLX,https://pe.olx.com.br/regiao-de-petrolina-e-garanhuns/imoveis/casa-no-bairro-ipsep-1518366011
Casa no Parque Petrolina,310000.0,Topazio,89.0,3,1,2,venda,OLX,https://pe.olx.com.br/regiao-de-petrolina-e-garanhuns/imoveis/casa-no-parque-petrolina-1363688392
Apartamento no Residencial santa Barbara,285000.0,Pedra Do Bode,57.0,2,2,1,venda,OLX,https://pe.olx.com.br/regiao-de-petrolina-e-garanhuns/imoveis/apartamento-no-residencial-santa-barbara-1511291299
Casa a venda no vila nova com 3 quartos ,260000.0,Vila Nova - N5,60.0,3,2,1,venda,OLX,https://pe.olx.com.br/regiao-de-petrolina-e-garanhuns/imoveis/casa-a-venda-no-vila-nova-com-3-quartos-1503315097
"Casa à venda com três quartos,1 é uma suíte com closet, espaço P/2 carros - Colinas do Rio",420000.0,Cohab Sao Francisco,200.0,3,2,2,venda,OLX,https://pe.olx.com.br/regiao-de-petrolina-e-garanhuns/imoveis/casa-a-venda-com-tres-quartos-1-e-uma-suite-com-closet-espaco-p-2-carros-colinas-do-rio-1520728434
"Casa à venda com três quartos,1 é uma suíte com closet, espaço P/2 carros - Colinas do Rio",460000.0,Cohab Sao Francisco,200.0,3,2,2,venda,OLX,https://pe.olx.com.br/regiao-de-petrolina-e-garanhuns/imoveis/casa-a-venda-com-tres-quartos-1-e-uma-suite-com-closet-espaco-p-2-carros-colinas-do-rio-1520721278
CASA NOVA 3 QUARTOS - RIO CLARO EM FRENTE A COHAB MASSANGANO,280000.0,Sao Goncalo,100.0,3,2,1,venda,OLX,https://pe.olx.com.br/regiao-de-petrolina-e-garanhuns/imoveis/casa-nova-3-quartos-rio-claro-em-frente-a-cohab-massangano-1520719838
Casa,150000.0,Joao De Deus,140.0,3,1,1,venda,OLX,https://pe.olx.com.br/regiao-de-petrolina-e-garanhuns/imoveis/casa-1520675605
Casa condomínio Buona Vita ,1000000.0,Maria Auxiliadora,,3,3,2,venda,OLX,https://pe.olx.com.br/regiao-de-petrolina-e-garanhuns/imoveis/casa-condominio-buona-vita-1520541340
Casa em Petrolina,380000.0,Vila Eduardo,,3,2,,venda,OLX,https://pe.olx.com.br/regiao-de-petrolina-e-garanhuns/imoveis/casa-em-petrolina-1520508493
IMÓVEL A VENDA NO CONDOMÍNIO PARKE JATOBÁ _ EM PETROLINA ,1800000.0,,400.0,4,5,2,venda,OLX,https://pe.olx.com.br/regiao-de-petrolina-e-garanhuns/imoveis/imovel-a-venda-no-condominio-parke-jatoba-em-petrolina-1433690380
"Apartamento à venda no Cond. Vila Mariana, 2 quartos, planejados, Petrolina",360000.0,Palhinhas,50.0,2,1,,venda,OLX,https://pe.olx.com.br/regiao-de-petrolina-e-garanhuns/imoveis/apartamento-a-venda-no-cond-vila-mariana-2-quartos-planejados-petrolina-1520272484
Casa no condomínio colinas bela vista- aberto a negociações ,1300000.0,Boa Esperanca,247.0,4,4,2,venda,OLX,https://pe.olx.com.br/regiao-de-petrolina-e-garanhuns/imoveis/casa-no-condominio-colinas-bela-vista-aberto-a-negociacoes-1503577972
Condomínio MORADA NOVA,235000.0,Antonio Cassimiro,50.0,2,1,1,venda,OLX,https://pe.olx.com.br/regiao-de-petrolina-e-garanhuns/imoveis/condominio-morada-nova-1496665930
Casa Bairro Antonio Cassimiro,400000.0,Antonio Cassimiro,125.0,3,3,2,venda,OLX,https://pe.olx.com.br/regiao-de-petrolina-e-garanhuns/imoveis/casa-bairro-antonio-cassimiro-1496178673
Condomínio Residencial Alto do Vale,229000.0,Topazio,100.0,2,1,1,venda,OLX,https://pe.olx.com.br/regiao-de-petrolina-e-garanhuns/imoveis/condominio-residencial-alto-do-vale-1507041020
Casa de Alto Padrão no Alphaville Petrolina | Pronta para Morar,1900000.0,Centro,200.0,3,4,2,venda,OLX,https://pe.olx.com.br/regiao-de-petrolina-e-garanhuns/imoveis/casa-de-alto-padrao-no-alphaville-petrolina-pronta-para-morar-1520205396
Casa em condomínio ,2090000.0,Fernando Idalino,200.0,4,4,2,venda,OLX,https://pe.olx.com.br/regiao-de-petrolina-e-garanhuns/imoveis/casa-em-condominio-1502085907
Casa  10/20 com 150mt de área construída ,330000.0,Cohab Sao Francisco,200.0,3,3,3,venda,OLX,https://pe.olx.com.br/regiao-de-petrolina-e-garanhuns/imoveis/casa-10-20-com-150mt-de-area-construida-1520126521
"Apartamento à venda, loteamento Recife.",280000.0,Areia Branca,57470.0,2,1,1,venda,OLX,https://pe.olx.com.br/regiao-de-petrolina-e-garanhuns/imoveis/apartamento-a-venda-loteamento-recife-1519940410
Vendo casa São Gonçalo ,200000.0,Sao Goncalo,175.0,3,2,1,venda,OLX,https://pe.olx.com.br/regiao-de-petrolina-e-garanhuns/imoveis/vendo-casa-sao-goncalo-1519923800
Apartamento à venda no Edifício Reserva do Coliseu,365000.0,Centro,75.0,3,2,1,venda,OLX,https://pe.olx.com.br/regiao-de-petrolina-e-garanhuns/imoveis/apartamento-a-venda-no-edificio-reserva-do-coliseu-1519900869
Flat no edifício VITAE,419000.0,Vila Eduardo,24.0,1,1,1,venda,OLX,https://pe.olx.com.br/regiao-de-petrolina-e-garanhuns/imoveis/flat-no-edificio-vitae-1519882485
Imóvel para venda com 150 metros quadrados com 3 quartos em Jardim São Paulo - Petrolina -,350000.0,Jardim Sao Paulo,150.0,3,1,1,venda,OLX,https://pe.olx.com.br/regiao-de-petrolina-e-garanhuns/imoveis/imovel-para-venda-com-150-metros-quadrados-com-3-quartos-em-jardim-sao-paulo-petrolina-1519867761
Edf Dona Beta ,628563.0,Atras Da Banca,73.0,3,2,1,venda,OLX,https://pe.olx.com.br/regiao-de-petrolina-e-garanhuns/imoveis/edf-dona-beta-1470625070
Vende se ou troca,170000.0,Joao De Deus,144.0,2,1,2,venda,OLX,https://pe.olx.com.br/regiao-de-petrolina-e-garanhuns/imoveis/vende-se-ou-troca-1519816959
Casa disponível ,190000.0,Centro,,2,1,,venda,OLX,https://pe.olx.com.br/regiao-de-petrolina-e-garanhuns/imoveis/casa-disponivel-1519779928
Casa a venda,480000.0,Portal Da Cidade,632.0,3,3,2,venda,OLX,https://pe.olx.com.br/regiao-de-petrolina-e-garanhuns/imoveis/casa-a-venda-1519792488
Casa com energia solar no Loteamento Recife ,445000.0,Loteamento Recife,150.0,3,2,1,venda,OLX,https://pe.olx.com.br/regiao-de-petrolina-e-garanhuns/imoveis/casa-com-energia-solar-no-loteamento-recife-1519790010
Compre Casa Valle dos Flamboyant ,245000.0,Centro,,2,1,,venda,OLX,https://pe.olx.com.br/regiao-de-petrolina-e-garanhuns/imoveis/compre-casa-valle-dos-flamboyant-1518255017
"Apartamento Nascente na Vila Mocó, Petrolina-PE 123 metros - Excelente Localização ",360000.0,Vila Moco,123.0,3,3,1,venda,OLX,https://pe.olx.com.br/regiao-de-petrolina-e-garanhuns/imoveis/apartamento-nascente-na-vila-moco-petrolina-pe-123-metros-excelente-localizacao-1519766874
Casa com piscina e banheira de hidromassagem ,1000000.0,Centro,200.0,3,2,2,venda,OLX,https://pe.olx.com.br/regiao-de-petrolina-e-garanhuns/imoveis/casa-com-piscina-e-banheira-de-hidromassagem-1519716975
**Anúncio: Oportunidade Imperdível no Buona Vita!**,1650000.0,Centro,209.0,4,4,2,venda,OLX,https://pe.olx.com.br/regiao-de-petrolina-e-garanhuns/imoveis/anuncio-oportunidade-imperdivel-no-buona-vita-1519674601
Somente venda ,155000.0,Jardim Amazonas,105.0,2,2,2,venda,OLX,https://pe.olx.com.br/regiao-de-petrolina-e-garanhuns/imoveis/somente-venda-1519620673
Casa a venda no PROJETO N11,140000.0,Massangano,200.0,2,1,3,venda,OLX,https://pe.olx.com.br/regiao-de-petrolina-e-garanhuns/imoveis/casa-a-venda-no-projeto-n11-1519587620
APARTAMENTO ALTO PADRÃO  MONTE SINAI  Orla 2,1100000.0,Centro,115.0,4,3,2,venda,OLX,https://pe.olx.com.br/regiao-de-petrolina-e-garanhuns/imoveis/apartamento-alto-padrao-monte-sinai-orla-2-1519534194
Imóvel a Venda 3/4 sendo 2 Suítes,847000.0,Cohab Vi,200.0,3,3,3,venda,OLX,https://pe.olx.com.br/regiao-de-petrolina-e-garanhuns/imoveis/imovel-a-venda-3-4-sendo-2-suites-1519533178
Casa à venda com quatros quartos no Alphaville em Petrolina,1790000.0,Boa Esperanca,343.0,4,3,2,venda,OLX,https://pe.olx.com.br/regiao-de-petrolina-e-garanhuns/imoveis/casa-a-venda-com-quatros-quartos-no-alphaville-em-petrolina-1519495683
? APARTAMENTO À VENDA - EXCELENTE OPORTUNIDADE PARA MORAR OU INVESTIR!  ? Valor: R$ 260.,260000.0,Centro,49.0,2,1,1,venda,OLX,https://pe.olx.com.br/regiao-de-petrolina-e-garanhuns/imoveis/apartamento-venda-excelente-oportunidade-para-morar-ou-investir--valor-r-260-1519489713
IMÓVEL NO DOM AVELAR ,240000.0,Dom Avelar,100.0,3,2,1,venda,OLX,https://pe.olx.com.br/regiao-de-petrolina-e-garanhuns/imoveis/imovel-no-dom-avelar-1519478158
Estou vendendo uma Linda Casa em Petrolina no condomínio pé de Serra 2,200000.0,Gercino Coelho,123.0,2,1,5,venda,OLX,https://pe.olx.com.br/regiao-de-petrolina-e-garanhuns/imoveis/estou-vendendo-uma-linda-casa-em-petrolina-no-condominio-pe-de-serra-2-1519477363
Vendo imóvel residencial,430000.0,Portal Da Cidade,210.0,4,3,2,venda,OLX,https://pe.olx.com.br/regiao-de-petrolina-e-garanhuns/imoveis/vendo-imovel-residencial-1448216753
CASA RIO CLARO - 3 QUARTOS SENDO 1 SUÍTE COM CLOSET - EM FRENTE A COHAB,290000.0,Rio Claro,100.0,3,2,1,venda,OLX,https://pe.olx.com.br/regiao-de-petrolina-e-garanhuns/imoveis/casa-rio-claro-3-quartos-sendo-1-suite-com-closet-em-frente-a-cohab-1519460413
Casa a venda no Loteamento recife em Petrolina,680000.0,Loteamento Recife,200.0,3,2,2,venda,OLX,https://pe.olx.com.br/regiao-de-petrolina-e-garanhuns/imoveis/casa-a-venda-no-loteamento-recife-em-petrolina-1465436748
Casa térrea com piscina ,680000.0,Portal Da Cidade,,3,3,2,venda,OLX,https://pe.olx.com.br/regiao-de-petrolina-e-garanhuns/imoveis/casa-terrea-com-piscina-1519365682
"Casa térrea, 6,25x30 ",450000.0,Cosme E Damiao,,3,3,3,venda,OLX,https://pe.olx.com.br/regiao-de-petrolina-e-garanhuns/imoveis/casa-terrea-6-25x30-1519365040
Casa em condomínio de luxo ,2150000.0,Fernando Idalino,200.0,4,4,2,venda,OLX,https://pe.olx.com.br/regiao-de-petrolina-e-garanhuns/imoveis/casa-em-condominio-de-luxo-1519341369
Casa no loteamento nova Petrolina estrutura premium,319000.0,Centro,144.0,3,2,2,venda,OLX,https://pe.olx.com.br/regiao-de-petrolina-e-garanhuns/imoveis/casa-no-loteamento-nova-petrolina-estrutura-premium-1519327659
Apart no Edf monte Sinai pra Venda (Todo reformado) ,1150000.0,Vila Eulalia,,4,3,2,venda,OLX,https://pe.olx.com.br/regiao-de-petrolina-e-garanhuns/imoveis/apart-no-edf-monte-sinai-pra-venda-todo-reformado-1519316998
Casa no bairro mandacaru a venda ,140000.0,Loteamento Recife,,2,1,1,venda,OLX,https://pe.olx.com.br/regiao-de-petrolina-e-garanhuns/imoveis/casa-no-bairro-mandacaru-a-venda-1519294970
Casa de esquina em condomínio fechado SUNVILLE ,100000.0,Pedro Raimundo,59.0,2,2,3,venda,OLX,https://pe.olx.com.br/regiao-de-petrolina-e-garanhuns/imoveis/casa-de-esquina-em-condominio-fechado-sunville-1519287146
"Vendo apart mobiliado no Condomínio morada real, Jatobá, 3 quartos, sendo 1 suít",350000.0,Jatoba,64.0,3,2,1,venda,OLX,https://pe.olx.com.br/regiao-de-petrolina-e-garanhuns/imoveis/vendo-apart-mobiliado-no-condominio-morada-real-jatoba-3-quartos-sendo-1-suit-1519246508
CASA DE ALTO PADRÃO EM PETROLINA ?,1300000.0,Loteamento Recife,,4,3,3,venda,OLX,https://pe.olx.com.br/regiao-de-petrolina-e-garanhuns/imoveis/casa-de-alto-padrao-em-petrolina-1519209376
APARTAMENTO MOBILIADO PARA VENDA - CONDOMINIO PAULO COELHO - DOIS QUARTOS,380000.0,Vila Moco,56.0,2,,,venda,OLX,https://pe.olx.com.br/regiao-de-petrolina-e-garanhuns/imoveis/apartamento-mobiliado-para-venda-condominio-paulo-coelho-dois-quartos-1519202992
Casa disponível para venda no condomínio Sol Nascente Orla Etapa 3,990000.0,Cidade Universitaria,150.0,3,3,2,venda,OLX,https://pe.olx.com.br/regiao-de-petrolina-e-garanhuns/imoveis/casa-disponivel-para-venda-no-condominio-sol-nascente-orla-etapa-3-1519060275
Casa em condominio à Venda | Mobiliado,300000.0,Cohab Sao Francisco,75.0,2,2,1,venda,OLX,https://pe.olx.com.br/regiao-de-petrolina-e-garanhuns/imoveis/casa-em-condominio-a-venda-mobiliado-1519059854
CASAS PARA VENDA 02 QUARTOS - VALE DAS ESMERALDAS AO LADO DO DOM AVELAR,220000.0,,100.0,2,1,1,venda,OLX,https://pe.olx.com.br/regiao-de-petrolina-e-garanhuns/imoveis/casas-para-venda-02-quartos-vale-das-esmeraldas-ao-lado-do-dom-avelar-1518986675
"Casa com garagem pra dois carros, 2 quartos, cozinhas, sala e banheiro social ! OFERTA ",109000.0,Jardim Sao Paulo,70.0,2,1,2,venda,OLX,https://pe.olx.com.br/regiao-de-petrolina-e-garanhuns/imoveis/casa-com-garagem-pra-dois-carros-2-quartos-cozinhas-sala-e-banheiro-social-oferta-1518986622
Casa com ponto,800000.0,Jardim Maravilha,400.0,4,3,4,venda,OLX,https://pe.olx.com.br/regiao-de-petrolina-e-garanhuns/imoveis/casa-com-ponto-1518975078
"Casa à venda no bairro Vila Eduardo, 3 quartos, sendo um suíte, Petrolina",490000.0,Vila Eduardo,90.0,2,2,,venda,OLX,https://pe.olx.com.br/regiao-de-petrolina-e-garanhuns/imoveis/casa-a-venda-no-bairro-vila-eduardo-3-quartos-sendo-um-suite-petrolina-1518917432
"Casa à venda no Cond. Buona Vita, 3 suítes, gourmet, piscina, Petrolina",1150000.0,Loteamento Recife,153.0,3,3,,venda,OLX,https://pe.olx.com.br/regiao-de-petrolina-e-garanhuns/imoveis/casa-a-venda-no-cond-buona-vita-3-suites-gourmet-piscina-petrolina-1518917471
Imóvel para venda com 48 metros quadrados com 2 quartos em Jatobá - Petrolina - PE,250000.0,Jatoba,48.0,2,1,1,venda,OLX,https://pe.olx.com.br/regiao-de-petrolina-e-garanhuns/imoveis/imovel-para-venda-com-48-metros-quadrados-com-2-quartos-em-jatoba-petrolina-pe-1518888275
Vende 2 casas,60000.0,Jardim Petropolis,,3,3,2,venda,OLX,https://pe.olx.com.br/regiao-de-petrolina-e-garanhuns/imoveis/vende-2-casas-1518854311
IMÓVEL NO ANTÔNIO CASSIMIRO ,225000.0,Antonio Cassimiro,75.0,2,1,1,venda,OLX,https://pe.olx.com.br/regiao-de-petrolina-e-garanhuns/imoveis/imovel-no-antonio-cassimiro-1518818237
VENDE- se casa fino acabando e com desconto surpreendente ,580000.0,Vila Eulalia,250.0,3,3,2,venda,OLX,https://pe.olx.com.br/regiao-de-petrolina-e-garanhuns/imoveis/vende-se-casa-fino-acabando-e-com-desconto-surpreendente-1515668906
APARTAMENTO TIPO STUDIO - VILA EDUARDO,190000.0,Vila Eduardo,21.0,1,1,,venda,OLX,https://pe.olx.com.br/regiao-de-petrolina-e-garanhuns/imoveis/apartamento-tipo-studio-vila-eduardo-1518741612
CASA À VENDA  CONDOMÍNIO ECO SPA  PETROLINA/PE,1350000.0,Centro,208.0,4,3,2,venda,OLX,https://pe.olx.com.br/regiao-de-petrolina-e-garanhuns/imoveis/casa-venda-condominio-eco-spa-petrolina-pe-1518738055
Casa à venda. R$81.000,81000.0,Loteamento Recife,,2,2,1,venda,OLX,https://pe.olx.com.br/regiao-de-petrolina-e-garanhuns/imoveis/casa-a-venda-r-81-000-1518703973
Vendo uma casa ,320000.0,Loteamento Recife,200.0,3,2,2,venda,OLX,https://pe.olx.com.br/regiao-de-petrolina-e-garanhuns/imoveis/vendo-uma-casa-1517161540
Repasse de imóvel em condomínio residencial,120000.0,Vila Moco,,2,2,2,venda,OLX,https://pe.olx.com.br/regiao-de-petrolina-e-garanhuns/imoveis/repasse-de-imovel-em-condominio-residencial-1518639223
CASA LOTEAMENTO RECIFE,360000.0,Loteamento Recife,100.0,3,2,1,venda,OLX,https://pe.olx.com.br/regiao-de-petrolina-e-garanhuns/imoveis/casa-loteamento-recife-1501141130
CASA JARDIM SÃO PAULO - SUBSÍDIO MORAR BEM,215000.0,Jardim Sao Paulo,,2,1,1,venda,OLX,https://pe.olx.com.br/regiao-de-petrolina-e-garanhuns/imoveis/casa-jardim-sao-paulo-subsidio-morar-bem-1518597875
Repasso ap no unique.,350000.0,Centro,,2,2,1,venda,OLX,https://pe.olx.com.br/regiao-de-petrolina-e-garanhuns/imoveis/repasso-ap-no-unique-1518580033
Vendo apartamento no vivendas 2 ,50000.0,Dom Avelar,,2,1,1,venda,OLX,https://pe.olx.com.br/regiao-de-petrolina-e-garanhuns/imoveis/vendo-apartamento-no-vivendas-2-1518547951
Chácara 48x50 sítio terra nova ,55000.0,Curral Queimado,,2,1,,venda,OLX,https://pe.olx.com.br/regiao-de-petrolina-e-garanhuns/imoveis/chacara-48x50-sitio-terra-nova-1518525467
"Casa duplex, bairro atrás da banca  ",680000.0,Atras Da Banca,,5,4,4,venda,OLX,https://pe.olx.com.br/regiao-de-petrolina-e-garanhuns/imoveis/casa-duplex-bairro-atras-da-banca-1473994941
"Casa térrea, ",680000.0,Centro,,3,3,2,venda,OLX,https://pe.olx.com.br/regiao-de-petrolina-e-garanhuns/imoveis/casa-terrea-1502069264
CASA PARA VENDA - 02 QUARTOS - DOM AVELAR,220000.0,,90.0,2,1,,venda,OLX,https://pe.olx.com.br/regiao-de-petrolina-e-garanhuns/imoveis/casa-para-venda-02-quartos-dom-avelar-1518452315
APARTAMENTO PARA VENDA - 02 QUARTOS - RESIDENCIAL JATOBÁ - NASCENTE,300000.0,Jatoba,70.0,2,1,1,venda,OLX,https://pe.olx.com.br/regiao-de-petrolina-e-garanhuns/imoveis/apartamento-para-venda-02-quartos-residencial-jatoba-nascente-1518452311
VENDE-SE CASA GRANDE E ESPAÇOSA,150000.0,Henrique Leite,180.0,3,2,2,venda,OLX,https://pe.olx.com.br/regiao-de-petrolina-e-garanhuns/imoveis/vende-se-casa-grande-e-espacosa-1518294803
Apartamento para Venda Cond. Fechado Antônio Cassimito Petrolina PE,175000.0,Topazio,47.0,2,1,1,venda,OLX,https://pe.olx.com.br/regiao-de-petrolina-e-garanhuns/imoveis/apartamento-para-venda-cond-fechado-antonio-cassimito-petrolina-pe-1518270679
"Casa térrea, em condomínio fechado ",1040000.0,Centro,,3,3,2,venda,OLX,https://pe.olx.com.br/regiao-de-petrolina-e-garanhuns/imoveis/casa-terrea-em-condominio-fechado-1502135556
Casa térrea ,285000.0,Portal Da Cidade,,3,2,2,venda,OLX,https://pe.olx.com.br/regiao-de-petrolina-e-garanhuns/imoveis/casa-terrea-1501983417
Casa na Vila Eulália ,900000.0,Vila Eulalia,270.0,5,5,,venda,OLX,https://pe.olx.com.br/regiao-de-petrolina-e-garanhuns/imoveis/casa-na-vila-eulalia-1518112383
Vendo ou trovo ,100000.0,Massangano,,3,3,2,venda,OLX,https://pe.olx.com.br/regiao-de-petrolina-e-garanhuns/imoveis/vendo-ou-trovo-1518065540
Lote a venda em Petrolina no condomínio Encontro das águas ,189000.0,Cohab Sao Francisco,200.0,,,,venda,OLX,https://pe.olx.com.br/regiao-de-petrolina-e-garanhuns/imoveis/lote-a-venda-em-petrolina-no-condominio-encontro-das-aguas-1466913289
Casa a venda ,230000.0,Centro,,2,1,2,venda,OLX,https://pe.olx.com.br/regiao-de-petrolina-e-garanhuns/imoveis/casa-a-venda-1517986495
"Casa à venda no Bairro Vila Débora com 3 quartos, PETROLINA - PE",460000.0,Dom Avelar,103.0,2,2,1,venda,OLX,https://pe.olx.com.br/regiao-de-petrolina-e-garanhuns/imoveis/casa-a-venda-no-bairro-vila-debora-com-3-quartos-petrolina-pe-1517943302
CASA PARA VENDA - EXCELENTE LOCALIZAÇÃO - LOT EDUARDO -03 QUARTOS,490000.0,,125.0,2,1,1,venda,OLX,https://pe.olx.com.br/regiao-de-petrolina-e-garanhuns/imoveis/casa-para-venda-excelente-localizacao-lot-eduardo-03-quartos-1517886935
"Casa à venda no Lot. Colinas do Rio, 3 quartos, pé-direito duplo, Petrolina",530000.0,Rio Corrente,127.0,2,2,,venda,OLX,https://pe.olx.com.br/regiao-de-petrolina-e-garanhuns/imoveis/casa-a-venda-no-lot-colinas-do-rio-3-quartos-pe-direito-duplo-petrolina-1517814872
Repasse de casa baixei pra 98 mil,100000.0,,,2,2,,venda,OLX,https://pe.olx.com.br/regiao-de-petrolina-e-garanhuns/imoveis/repasse-de-casa-baixei-pra-98-mil-1517734686
Vende-se apartamento no residencial vivendas 2,50000.0,Cohab Massangano,,2,1,,venda,OLX,https://pe.olx.com.br/regiao-de-petrolina-e-garanhuns/imoveis/vende-se-apartamento-no-residencial-vivendas-2-1517729152
CASA À VENDA - LOTEAMENTO RECIFE- PETROLINA/PE,350000.0,,100.0,3,2,1,venda,OLX,https://pe.olx.com.br/regiao-de-petrolina-e-garanhuns/imoveis/casa-venda-loteamento-recife-petrolina-pe-1484263438
Apartamento na Orla 2,811560.0,Atras Da Banca,76.0,2,2,1,venda,OLX,https://pe.olx.com.br/regiao-de-petrolina-e-garanhuns/imoveis/apartamento-na-orla-2-1367740320
Apto 10 minutos da Univasf ,230000.0,Antonio Cassimiro,,2,1,1,venda,OLX,https://pe.olx.com.br/regiao-de-petrolina-e-garanhuns/imoveis/apto-10-minutos-da-univasf-1501777080
Casa de esquina bairro Jatobá - Petrolina,480000.0,Jatoba,,3,2,2,venda,OLX,https://pe.olx.com.br/regiao-de-petrolina-e-garanhuns/imoveis/casa-de-esquina-bairro-jatoba-petrolina-1517671354
Buona vita,845000.0,Loteamento Recife,145.0,3,2,2,venda,OLX,https://pe.olx.com.br/regiao-de-petrolina-e-garanhuns/imoveis/buona-vita-1517609733
PAR VENDER LOGO ?,320000.0,Centro,,3,2,2,venda,OLX,https://pe.olx.com.br/regiao-de-petrolina-e-garanhuns/imoveis/par-vender-logo-1517564775
Casa de Condomínio em Petrolina por Ótimo Preço!,1050000.0,Loteamento Recife,145.0,3,3,2,venda,OLX,https://pe.olx.com.br/regiao-de-petrolina-e-garanhuns/imoveis/casa-de-condominio-em-petrolina-por-otimo-preco-1517475583
Casa a venda - Excelente localização ,180000.0,Vila Eduardo,56.0,1,2,,venda,OLX,https://pe.olx.com.br/regiao-de-petrolina-e-garanhuns/imoveis/casa-a-venda-excelente-localizacao-1517447910
Casa à venda ,480000.0,Vila Eduardo,,3,2,3,venda,OLX,https://pe.olx.com.br/regiao-de-petrolina-e-garanhuns/imoveis/casa-a-venda-1517335487
Vendo essa casa ,280000.0,,800.0,3,1,5,venda,OLX,https://pe.olx.com.br/regiao-de-petrolina-e-garanhuns/imoveis/vendo-essa-casa-1517319931
"Casa duplex, ",650000.0,Vila Eulalia,,4,4,3,venda,OLX,https://pe.olx.com.br/regiao-de-petrolina-e-garanhuns/imoveis/casa-duplex-1484755386
CASA DE ALTO PADRAO - 04 SUITES NO COLINAS BELLA VISTA,1150000.0,Boa Esperanca,191.0,,1,2,venda,OLX,https://pe.olx.com.br/regiao-de-petrolina-e-garanhuns/imoveis/casa-de-alto-padrao-04-suites-no-colinas-bella-vista-1517232396
CASA PARA VENDA - 02 QUARTOS - JATOBA,240000.0,Jatoba,42.0,,,,venda,OLX,https://pe.olx.com.br/regiao-de-petrolina-e-garanhuns/imoveis/casa-para-venda-02-quartos-jatoba-1517232389
CASA PARA VENDA 04 QUARTOS - LOT. EDUARDO,1200000.0,Vila Eduardo,183.0,2,2,3,venda,OLX,https://pe.olx.com.br/regiao-de-petrolina-e-garanhuns/imoveis/casa-para-venda-04-quartos-lot-eduardo-1517232390
Vendo casa em Petrolina 270 mil.    ,270000.0,Jardim Sao Paulo,77.0,2,1,2,venda,OLX,https://pe.olx.com.br/regiao-de-petrolina-e-garanhuns/imoveis/vendo-casa-em-petrolina-270-mil--1517216267
"Casa à venda no Bairro Jatobá, duplex, 3 quartos, Sala ampla, Petrolina-PE",460000.0,Jatoba,107.0,2,3,,venda,OLX,https://pe.olx.com.br/regiao-de-petrolina-e-garanhuns/imoveis/casa-a-venda-no-bairro-jatoba-duplex-3-quartos-sala-ampla-petrolina-pe-1517167800
Casa especial ,550000.0,Loteamento Recife,200.0,3,3,3,venda,OLX,https://pe.olx.com.br/regiao-de-petrolina-e-garanhuns/imoveis/casa-especial-1517156943
Casa térrea com espaço para área de lazer ,280000.0,Portal Da Cidade,,3,2,3,venda,OLX,https://pe.olx.com.br/regiao-de-petrolina-e-garanhuns/imoveis/casa-terrea-com-espaco-para-area-de-lazer-1517154590
Casa Colina do Rio,550000.0,Cohab Sao Francisco,200.0,3,2,3,venda,OLX,https://pe.olx.com.br/regiao-de-petrolina-e-garanhuns/imoveis/casa-colina-do-rio-1497343646
Casa no Antônio Cassimiro,235000.0,Antonio Cassimiro,66.0,2,1,1,venda,OLX,https://pe.olx.com.br/regiao-de-petrolina-e-garanhuns/imoveis/casa-no-antonio-cassimiro-1504896395
CASA NO NOVA PETROLINA,205000.0,Cohab Sao Francisco,72.0,2,1,1,venda,OLX,https://pe.olx.com.br/regiao-de-petrolina-e-garanhuns/imoveis/casa-no-nova-petrolina-1505740505
Casa no Antônio Cassimiro,285000.0,Antonio Cassimiro,58.0,2,2,5,venda,OLX,https://pe.olx.com.br/regiao-de-petrolina-e-garanhuns/imoveis/casa-no-antonio-cassimiro-1504909465
Casa no condomínio Jatobá,1150000.0,Jatoba,205.0,3,2,2,venda,OLX,https://pe.olx.com.br/regiao-de-petrolina-e-garanhuns/imoveis/casa-no-condominio-jatoba-1507432202
Imóvel para venda possui 200 metros quadrados com 3 quartos em Cohab São Francisco - Petro,650000.0,Cohab Sao Francisco,200.0,3,2,1,venda,OLX,https://pe.olx.com.br/regiao-de-petrolina-e-garanhuns/imoveis/imovel-para-venda-possui-200-metros-quadrados-com-3-quartos-em-cohab-sao-francisco-petro-1510731375
Casa LOT. VILA NOVA,530000.0,Boa Esperanca,200.0,3,2,1,venda,OLX,https://pe.olx.com.br/regiao-de-petrolina-e-garanhuns/imoveis/casa-lot-vila-nova-1511289985
"VENDO LINDO APARTAMENTO, EDF SANTA BÁRBARA ",275000.0,Loteamento Recife,70.0,2,2,,venda,OLX,https://pe.olx.com.br/regiao-de-petrolina-e-garanhuns/imoveis/vendo-lindo-apartamento-edf-santa-barbara-1517107040
Casa disponível ,300000.0,Sao Jose,,2,2,,venda,OLX,https://pe.olx.com.br/regiao-de-petrolina-e-garanhuns/imoveis/casa-disponivel-1517085842
"Casa térrea, atrás da polícia rodoviária ",350000.0,Loteamento Recife,,3,2,2,venda,OLX,https://pe.olx.com.br/regiao-de-petrolina-e-garanhuns/imoveis/casa-terrea-atras-da-policia-rodoviaria-1477610332
Casa moderna térrea ,285000.0,Boa Esperanca,,3,2,1,venda,OLX,https://pe.olx.com.br/regiao-de-petrolina-e-garanhuns/imoveis/casa-moderna-terrea-1516992333
"Casa moderna ,três Maria ",340000.0,,,3,2,1,venda,OLX,https://pe.olx.com.br/regiao-de-petrolina-e-garanhuns/imoveis/casa-moderna-tres-maria-1373381964
Térrea para aluguel e venda possui 70 metros quadrados com 2 quartos,300000.0,Cohab Sao Francisco,70.0,2,1,2,venda,OLX,https://pe.olx.com.br/regiao-de-petrolina-e-garanhuns/imoveis/terrea-para-aluguel-e-venda-possui-70-metros-quadrados-com-2-quartos-1516965288
Casa a venda Rio Claro,290000.0,Rio Claro,100.0,3,2,1,venda,OLX,https://pe.olx.com.br/regiao-de-petrolina-e-garanhuns/imoveis/casa-a-venda-rio-claro-1516944085
CASA À VENDA!,370000.0,Jardim Sao Paulo,150.0,3,1,1,venda,OLX,https://pe.olx.com.br/regiao-de-petrolina-e-garanhuns/imoveis/casa-venda-1516913596
"Casa térrea, estrela do mar ",250000.0,Sao Jose,,3,2,1,venda,OLX,https://pe.olx.com.br/regiao-de-petrolina-e-garanhuns/imoveis/casa-terrea-estrela-do-mar-1470936816
Casa terrea ; oportunidade unica ,600000.0,Atras Da Banca,,3,2,2,venda,OLX,https://pe.olx.com.br/regiao-de-petrolina-e-garanhuns/imoveis/casa-terrea-oportunidade-unica-1263612686
Casa em condomínio fechado ,1100000.0,Atras Da Banca,,3,3,2,venda,OLX,https://pe.olx.com.br/regiao-de-petrolina-e-garanhuns/imoveis/casa-em-condominio-fechado-1491526569
Apto 3 minutos da Univasf ,350000.0,,,2,2,1,venda,OLX,https://pe.olx.com.br/regiao-de-petrolina-e-garanhuns/imoveis/apto-3-minutos-da-univasf-1470943779
"Casa térrea , sendo de esquina ",350000.0,Cohab Sao Francisco,,3,3,3,venda,OLX,https://pe.olx.com.br/regiao-de-petrolina-e-garanhuns/imoveis/casa-terrea-sendo-de-esquina-1479422424
Casa térrea fica pronta em 8 meses ,550000.0,Atras Da Banca,,3,3,2,venda,OLX,https://pe.olx.com.br/regiao-de-petrolina-e-garanhuns/imoveis/casa-terrea-fica-pronta-em-8-meses-1499517074
Casa duplex ,2200000.0,Cidade Universitaria,,4,4,2,venda,OLX,https://pe.olx.com.br/regiao-de-petrolina-e-garanhuns/imoveis/casa-duplex-1499511669
"Casa duplex , com piscina ",680000.0,Atras Da Banca,,4,3,4,venda,OLX,https://pe.olx.com.br/regiao-de-petrolina-e-garanhuns/imoveis/casa-duplex-com-piscina-1499519601
"Casa térrea , ",280000.0,Centro,,3,2,1,venda,OLX,https://pe.olx.com.br/regiao-de-petrolina-e-garanhuns/imoveis/casa-terrea-1479424478
"Casa térrea com piscina, ALEGRIA ",580000.0,Portal Da Cidade,,3,3,4,venda,OLX,https://pe.olx.com.br/regiao-de-petrolina-e-garanhuns/imoveis/casa-terrea-com-piscina-alegria-1477875711
Casa térrea em condomínio fechado ,1050000.0,Loteamento Recife,,3,3,2,venda,OLX,https://pe.olx.com.br/regiao-de-petrolina-e-garanhuns/imoveis/casa-terrea-em-condominio-fechado-1483829249
CASA À VENDA!,240000.0,Pedro Raimundo,69.0,3,2,1,venda,OLX,https://pe.olx.com.br/regiao-de-petrolina-e-garanhuns/imoveis/casa-venda-1516813091
Casa a venda no loteamento geovana ,180000.0,Henrique Leite,,4,2,1,venda,OLX,https://pe.olx.com.br/regiao-de-petrolina-e-garanhuns/imoveis/casa-a-venda-no-loteamento-geovana-1516812495
CASA PARA VENDA - AREIA BRANCA- 02 QUARTOS,300000.0,Areia Branca,240.0,3,,1,venda,OLX,https://pe.olx.com.br/regiao-de-petrolina-e-garanhuns/imoveis/casa-para-venda-areia-branca-02-quartos-1516728835
Apartamento mobiliado a venda próximo a orla de Petrolina com 3 quartos ,750000.0,Atras Da Banca,67.0,3,2,1,venda,OLX,https://pe.olx.com.br/regiao-de-petrolina-e-garanhuns/imoveis/apartamento-mobiliado-a-venda-proximo-a-orla-de-petrolina-com-3-quartos-1480051586
Casa a venda no bairro Vale dourado em Petrolina ,680000.0,Joao De Deus,180.0,3,2,2,venda,OLX,https://pe.olx.com.br/regiao-de-petrolina-e-garanhuns/imoveis/casa-a-venda-no-bairro-vale-dourado-em-petrolina-1497999697
Casa a venda no bairro Cohab Massangano em Petrolina ,450000.0,Cohab Massangano,200.0,3,2,2,venda,OLX,https://pe.olx.com.br/regiao-de-petrolina-e-garanhuns/imoveis/casa-a-venda-no-bairro-cohab-massangano-em-petrolina-1498020920
Loja Comercial à Venda em Petrolina - River One,2869971.0,Centro,218.0,,,,venda,OLX,https://pe.olx.com.br/regiao-de-petrolina-e-garanhuns/imoveis/loja-comercial-a-venda-em-petrolina-river-one-1499209235
Disponível na areia branca ,280000.0,Centro,,3,2,,venda,OLX,https://pe.olx.com.br/regiao-de-petrolina-e-garanhuns/imoveis/disponivel-na-areia-branca-1516638560
Casa térrea em condomínio fechado com piscina ,1100000.0,Centro,,3,3,2,venda,OLX,https://pe.olx.com.br/regiao-de-petrolina-e-garanhuns/imoveis/casa-terrea-em-condominio-fechado-com-piscina-1483836090
Duplex em Condomínio no Caminho do Sol,480000.0,Caminho Do Sol,90.0,2,3,1,venda,OLX,https://pe.olx.com.br/regiao-de-petrolina-e-garanhuns/imoveis/duplex-em-condominio-no-caminho-do-sol-1516615977
Casa à venda na Rua Petúnia - Amplo espaço e excelente estrutura!,350000.0,Cohab Massangano,215.0,3,2,2,venda,OLX,https://pe.olx.com.br/regiao-de-petrolina-e-garanhuns/imoveis/casa-a-venda-na-rua-petunia-amplo-espaco-e-excelente-estrutura-1516594656
VENDO ou ALUGO- CASA NO CONDOMÍNIO BRISAS DO RIO - ACESSO AO RIO - PISCINA - PETROLINA PE,1200000.0,,,3,4,,venda,OLX,https://pe.olx.com.br/regiao-de-petrolina-e-garanhuns/imoveis/vendo-ou-alugo-casa-no-condominio-brisas-do-rio-acesso-ao-rio-piscina-petrolina-pe-1439265590
Vendo casa nova R$ 10mil de entrada,250000.0,Loteamento Recife,,3,2,1,venda,OLX,https://pe.olx.com.br/regiao-de-petrolina-e-garanhuns/imoveis/vendo-casa-nova-r-10mil-de-entrada-1516541700
Imóvel para venda tem 190 metros quadrados com 4 quartos em Boa Esperança - Petrolina - PE,1900000.0,Boa Esperanca,190.0,4,5,2,venda,OLX,https://pe.olx.com.br/regiao-de-petrolina-e-garanhuns/imoveis/imovel-para-venda-tem-190-metros-quadrados-com-4-quartos-em-boa-esperanca-petrolina-pe-1516535663
Imóvel para aluguel e venda tem 65 metros quadrados com 2 quartos em Vila Mocó - Petrolina,290000.0,Vila Moco,65.0,2,1,1,venda,OLX,https://pe.olx.com.br/regiao-de-petrolina-e-garanhuns/imoveis/imovel-para-aluguel-e-venda-tem-65-metros-quadrados-com-2-quartos-em-vila-moco-petrolina-1516514650
? OPORTUNIDADE IMPERDÍVEL ?,270000.0,Cosme E Damiao,144.0,3,2,,venda,OLX,https://pe.olx.com.br/regiao-de-petrolina-e-garanhuns/imoveis/oportunidade-imperdivel-1516461897
Apartamento à venda com dois quartos mobiliado à venda em Petrolina,368000.0,Antonio Cassimiro,,2,1,,venda,OLX,https://pe.olx.com.br/regiao-de-petrolina-e-garanhuns/imoveis/apartamento-a-venda-com-dois-quartos-mobiliado-a-venda-em-petrolina-1516264993
CASA CONDOMÍNIO VALLE DOS COQUEIROS,250000.0,Cohab Sao Francisco,54.0,2,1,1,venda,OLX,https://pe.olx.com.br/regiao-de-petrolina-e-garanhuns/imoveis/casa-condominio-valle-dos-coqueiros-1516104919
CASA À VENDA | BAIRRO SÃO JOSÉ - PRÓXIMO AO RIVER SHOPPING,1500000.0,Vila Eduardo,200.0,1,4,4,venda,OLX,https://pe.olx.com.br/regiao-de-petrolina-e-garanhuns/imoveis/casa-venda-bairro-sao-jose-proximo-ao-river-shopping-1516104871
"Negócio imperdível  Casa no Vila Eduardo, Petrolina - PE, Nº 207, 3 quartos, 1 vaga, 237,5",598692.0,Vila Eduardo,237.0,3,1,1,venda,OLX,https://pe.olx.com.br/regiao-de-petrolina-e-garanhuns/imoveis/negocio-imperdivel-casa-no-vila-eduardo-petrolina-pe-n-207-3-quartos-1-vaga-237-5-1515660254
"Apartamento mobiliado à venda no bairro Antônio Cassimiro, Petrolina-PE.",152000.0,Antonio Cassimiro,45.0,2,1,1,venda,OLX,https://pe.olx.com.br/regiao-de-petrolina-e-garanhuns/imoveis/apartamento-mobiliado-a-venda-no-bairro-antonio-cassimiro-petrolina-pe-1515996432
Casa a venda no Centro Comercial Petrolina Pe,1600000.0,Centro,250.0,5,5,2,venda,OLX,https://pe.olx.com.br/regiao-de-petrolina-e-garanhuns/imoveis/casa-a-venda-no-centro-comercial-petrolina-pe-1515891118
Apartamento à venda / Cassimiro ,195000.0,Antonio Cassimiro,45.0,2,1,1,venda,OLX,https://pe.olx.com.br/regiao-de-petrolina-e-garanhuns/imoveis/apartamento-a-venda-cassimiro-1515859569
"Casa térrea,com lage , cohab 6 ",280000.0,Centro,,3,2,1,venda,OLX,https://pe.olx.com.br/regiao-de-petrolina-e-garanhuns/imoveis/casa-terrea-com-lage-cohab-6-1481370396
Casa,150000.0,Vila Eulalia,200.0,3,2,1,venda,OLX,https://pe.olx.com.br/regiao-de-petrolina-e-garanhuns/imoveis/casa-1515704906
Casa com piscina 10 minutos da orla ,580000.0,Centro,,3,3,2,venda,OLX,https://pe.olx.com.br/regiao-de-petrolina-e-garanhuns/imoveis/casa-com-piscina-10-minutos-da-orla-1470946572
Casa vizinha ao atacadao Mix Matheus ,400000.0,Centro,,3,2,2,venda,OLX,https://pe.olx.com.br/regiao-de-petrolina-e-garanhuns/imoveis/casa-vizinha-ao-atacadao-mix-matheus-1471091924
Venda - Ouro Preto,380000.0,Ouro Preto,200.0,3,2,1,venda,OLX,https://pe.olx.com.br/regiao-de-petrolina-e-garanhuns/imoveis/venda-ouro-preto-1515689802
"Casa à venda, 3 quartos, 1 suíte, Centro - Petrolina/PE",1100000.0,Centro,311.0,3,3,,venda,OLX,https://pe.olx.com.br/regiao-de-petrolina-e-garanhuns/imoveis/casa-a-venda-3-quartos-1-suite-centro-petrolina-pe-1515481163
"Apto Luxo na Av. Cardoso de Sá, Petrolina!",850000.0,Centro,140.0,4,3,2,venda,OLX,https://pe.olx.com.br/regiao-de-petrolina-e-garanhuns/imoveis/apto-luxo-na-av-cardoso-de-sa-petrolina-1515658321
VENDO - IMÓVEL PARA FINS COMERCIAIS - CENTRO - PETROLINA PE,1400000.0,,,3,,,venda,OLX,https://pe.olx.com.br/regiao-de-petrolina-e-garanhuns/imoveis/vendo-imovel-para-fins-comerciais-centro-petrolina-pe-1460613888
"Casa em condomínio, 3 minutos da orla ",1400000.0,Atras Da Banca,,4,4,2,venda,OLX,https://pe.olx.com.br/regiao-de-petrolina-e-garanhuns/imoveis/casa-em-condominio-3-minutos-da-orla-1470945473
"VENDO APARTAMENTO R$270.000,00",270000.0,Cohab Massangano,53.0,2,2,1,venda,OLX,https://pe.olx.com.br/regiao-de-petrolina-e-garanhuns/imoveis/vendo-apartamento-r-270-000-00-1515485689
"Casa à venda, Bairro Vale Dourado, 3 quartos, gourmet, piscina, Petrolina",680000.0,Joao De Deus,162.0,2,2,,venda,OLX,https://pe.olx.com.br/regiao-de-petrolina-e-garanhuns/imoveis/casa-a-venda-bairro-vale-dourado-3-quartos-gourmet-piscina-petrolina-1515333046
"Casa à venda no Centro de Petrolina, 4 quartos, gourmet, piscina, 4 vagas",2000000.0,Centro,350.0,3,2,,venda,OLX,https://pe.olx.com.br/regiao-de-petrolina-e-garanhuns/imoveis/casa-a-venda-no-centro-de-petrolina-4-quartos-gourmet-piscina-4-vagas-1515332223
Imóvel para venda tem 72 metros quadrados com 2 quartos em Cohab São Francisco - Petrolina,300000.0,Cohab Sao Francisco,72.0,2,2,,venda,OLX,https://pe.olx.com.br/regiao-de-petrolina-e-garanhuns/imoveis/imovel-para-venda-tem-72-metros-quadrados-com-2-quartos-em-cohab-sao-francisco-petrolina-1515317274
Imóvel para venda possui 72 metros quadrados com 2 quartos em Cohab São Francisco - Petrol,200000.0,Cohab Sao Francisco,72.0,2,1,1,venda,OLX,https://pe.olx.com.br/regiao-de-petrolina-e-garanhuns/imoveis/imovel-para-venda-possui-72-metros-quadrados-com-2-quartos-em-cohab-sao-francisco-petrol-1515285886
Imóvel para venda com 115 metros quadrados com 3 quartos em Antônio Cassimiro - Petrolina ,500000.0,Antonio Cassimiro,115.0,3,2,2,venda,OLX,https://pe.olx.com.br/regiao-de-petrolina-e-garanhuns/imoveis/imovel-para-venda-com-115-metros-quadrados-com-3-quartos-em-antonio-cassimiro-petrolina-1515251451
"Casa à venda, 3 quartos, 2 vagas, Caminho do SOL - Petrolina/PE",690000.0,Caminho Do Sol,240.0,3,2,2,venda,OLX,https://pe.olx.com.br/regiao-de-petrolina-e-garanhuns/imoveis/casa-a-venda-3-quartos-2-vagas-caminho-do-sol-petrolina-pe-1515191623
"Duplex à venda, 4 quartos, 3 suítes, 2 vagas, Cidade Universitária - Petrolina/PE",1200000.0,Cidade Universitaria,189.0,4,4,2,venda,OLX,https://pe.olx.com.br/regiao-de-petrolina-e-garanhuns/imoveis/duplex-a-venda-4-quartos-3-suites-2-vagas-cidade-universitaria-petrolina-pe-1515191597
CASA À VENDA NO CONDOMÍNIO PRIME,1200000.0,Cidade Universitaria,138.0,3,3,2,venda,OLX,https://pe.olx.com.br/regiao-de-petrolina-e-garanhuns/imoveis/casa-venda-no-condominio-prime-1515191377
Casa à Venda Condomínio Buona Vita - Petrolina,1400000.0,Loteamento Recife,182.0,4,1,2,venda,OLX,https://pe.olx.com.br/regiao-de-petrolina-e-garanhuns/imoveis/casa-a-venda-condominio-buona-vita-petrolina-1515191399
"Casa à venda, 5 quartos, 2 suítes, 3 vagas, Km2 - Petrolina/PE",780000.0,Km-2,265.0,5,4,3,venda,OLX,https://pe.olx.com.br/regiao-de-petrolina-e-garanhuns/imoveis/casa-a-venda-5-quartos-2-suites-3-vagas-km2-petrolina-pe-1515190986
Condomínio Valle das mangueiras,400000.0,Cohab Sao Francisco,90.0,3,3,2,venda,OLX,https://pe.olx.com.br/regiao-de-petrolina-e-garanhuns/imoveis/condominio-valle-das-mangueiras-1515190953
"Apartamento à venda, 4 quartos, 2 suítes, 2 vagas, Orla - Petrolina/PE",1300000.0,Atras Da Banca,163.0,4,3,2,venda,OLX,https://pe.olx.com.br/regiao-de-petrolina-e-garanhuns/imoveis/apartamento-a-venda-4-quartos-2-suites-2-vagas-orla-petrolina-pe-1515190954
"Casa à venda, 3 quartos, 1 suíte, 2 vagas, Colinas do Rio - Petrolina/PE",600000.0,Cohab Sao Francisco,147.0,3,2,2,venda,OLX,https://pe.olx.com.br/regiao-de-petrolina-e-garanhuns/imoveis/casa-a-venda-3-quartos-1-suite-2-vagas-colinas-do-rio-petrolina-pe-1515190943
CASA PARA VENDA - CONDOMÍNIO ENCONTRO DAS ÁGUAS,750000.0,Cohab Sao Francisco,138.0,3,2,2,venda,OLX,https://pe.olx.com.br/regiao-de-petrolina-e-garanhuns/imoveis/casa-para-venda-condominio-encontro-das-aguas-1515190734
CASA À VENDA NO DOM AVELAR,292000.0,Dom Avelar,100.0,3,2,1,venda,OLX,https://pe.olx.com.br/regiao-de-petrolina-e-garanhuns/imoveis/casa-venda-no-dom-avelar-1515190647
CASA DE ESQUINA NA VILA EDUARDO  LOCALIZAÇÃO ESTRATÉGICA EM REGIÃO COMERCIAL,2400000.0,Colonia Imperial,264.0,4,4,2,venda,OLX,https://pe.olx.com.br/regiao-de-petrolina-e-garanhuns/imoveis/casa-de-esquina-na-vila-eduardo-localizacao-estrategica-em-regiao-comercial-1515190440
"""Lar em Condomínio Fechado na COHAB São Francisco""",345000.0,Cohab Sao Francisco,62.0,2,2,1,venda,OLX,https://pe.olx.com.br/regiao-de-petrolina-e-garanhuns/imoveis/lar-em-condominio-fechado-na-cohab-sao-francisco-1515178991
"Casa à Venda - Cohab Massangano, Petrolina-PE",850000.0,Cohab Massangano,286.0,4,4,3,venda,OLX,https://pe.olx.com.br/regiao-de-petrolina-e-garanhuns/imoveis/casa-a-venda-cohab-massangano-petrolina-pe-1515056806
"Casa no Loteamento Recife, Petrolina-PE (Casa de Esquina)",650000.0,Loteamento Recife,129.0,3,3,2,venda,OLX,https://pe.olx.com.br/regiao-de-petrolina-e-garanhuns/imoveis/casa-no-loteamento-recife-petrolina-pe-casa-de-esquina-1515056425
"Casa à venda, 3 quartos, 2 suítes, 1 vaga, Centro - Petrolina/PE",1000000.0,Centro,64.0,3,2,1,venda,OLX,https://pe.olx.com.br/regiao-de-petrolina-e-garanhuns/imoveis/casa-a-venda-3-quartos-2-suites-1-vaga-centro-petrolina-pe-1515055542
Casa no  Dom Avelar,250000.0,Dom Avelar,100.0,3,2,1,venda,OLX,https://pe.olx.com.br/regiao-de-petrolina-e-garanhuns/imoveis/casa-no-dom-avelar-1503581780
"Casa 3 quartos, 1 suite/closet, à venda no Vale Dourado, Petrolina/PE.",500000.0,Joao De Deus,127.0,3,2,2,venda,OLX,https://pe.olx.com.br/regiao-de-petrolina-e-garanhuns/imoveis/casa-3-quartos-1-suite-closet-a-venda-no-vale-dourado-petrolina-pe-1515039695
"Negócio imperdível  Casa no Vila Eduardo, Petrolina - PE, Nº 207, 3 quartos, 1 vaga, 237,5",598692.0,Vila Eduardo,237.0,3,1,1,venda,OLX,https://pe.olx.com.br/regiao-de-petrolina-e-garanhuns/imoveis/negocio-imperdivel-casa-no-vila-eduardo-petrolina-pe-n-207-3-quartos-1-vaga-237-5-1515025542
CASA PARA LOCAÇÃO!,640000.0,Joao De Deus,175375.0,3,1,3,venda,OLX,https://pe.olx.com.br/regiao-de-petrolina-e-garanhuns/imoveis/casa-para-locacao-1514953983
"Casa à venda no Cond. Alphaville, 4 suítes, Gourmet, Piscina, Petrolina",2870000.0,Boa Esperanca,300.0,4,5,,venda,OLX,https://pe.olx.com.br/regiao-de-petrolina-e-garanhuns/imoveis/casa-a-venda-no-cond-alphaville-4-suites-gourmet-piscina-petrolina-1514809319
"Casa com 4 dormitórios à venda, Pedra do Bode, PETROLINA - PE",2200000.0,Fernando Idalino,160.0,4,4,,venda,OLX,https://pe.olx.com.br/regiao-de-petrolina-e-garanhuns/imoveis/casa-com-4-dormitorios-a-venda-pedra-do-bode-petrolina-pe-1514809322
Sua Casa Ideal no Loteamento Colinas do Rio,650000.0,Rio Corrente,149.0,3,5,2,venda,OLX,https://pe.olx.com.br/regiao-de-petrolina-e-garanhuns/imoveis/sua-casa-ideal-no-loteamento-colinas-do-rio-1514564166
CASA COM 04 QUARTOS SENDO 03 SUITES - COND BUONA VITA,1300000.0,,230.0,1,2,,venda,OLX,https://pe.olx.com.br/regiao-de-petrolina-e-garanhuns/imoveis/casa-com-04-quartos-sendo-03-suites-cond-buona-vita-1513824697
Apartamento com dois quartos à venda no bairro Jatobá em Petrolina,300000.0,Jatoba,,2,1,,venda,OLX,https://pe.olx.com.br/regiao-de-petrolina-e-garanhuns/imoveis/apartamento-com-dois-quartos-a-venda-no-bairro-jatoba-em-petrolina-1513549886
Casa à venda com área gourmet completa no bairro Colinas do Rio,650000.0,Cohab Sao Francisco,200.0,3,3,2,venda,OLX,https://pe.olx.com.br/regiao-de-petrolina-e-garanhuns/imoveis/casa-a-venda-com-area-gourmet-completa-no-bairro-colinas-do-rio-1513538438
"Apartamento à venda com dois quartos, Bairro Vila Eduardo em Petrolina",350000.0,Sao Jose,82730.0,2,2,1,venda,OLX,https://pe.olx.com.br/regiao-de-petrolina-e-garanhuns/imoveis/apartamento-a-venda-com-dois-quartos-bairro-vila-eduardo-em-petrolina-1513531138
"Apartamento à venda, 3 quartos, 2 suítes, 2 vagas, Orla 1 - Petrolina/PE",900000.0,Vila Eduardo,110.0,3,3,2,venda,OLX,https://pe.olx.com.br/regiao-de-petrolina-e-garanhuns/imoveis/apartamento-a-venda-3-quartos-2-suites-2-vagas-orla-1-petrolina-pe-1513451279
"Casa de esquina, com 05 quartos no Condomínio Sol Nascente- 100% nascente",1800000.0,Cidade Universitaria,270.0,5,5,2,venda,OLX,https://pe.olx.com.br/regiao-de-petrolina-e-garanhuns/imoveis/casa-de-esquina-com-05-quartos-no-condominio-sol-nascente-100-nascente-1513444121
OPORTUNIDADE !! CASAS COM 03 QUARTOS NO DOM AVELAR/PADRE CICERO,300000.0,Dom Avelar,119.0,2,1,1,venda,OLX,https://pe.olx.com.br/regiao-de-petrolina-e-garanhuns/imoveis/oportunidade-casas-com-03-quartos-no-dom-avelar-padre-cicero-1512831014
OPORTUNIDADE ! CASA COM 03 QUARTOS SENDO 01 SUITE - JATOBA,300000.0,Jatoba,100.0,2,1,1,venda,OLX,https://pe.olx.com.br/regiao-de-petrolina-e-garanhuns/imoveis/oportunidade-casa-com-03-quartos-sendo-01-suite-jatoba-1512830913
CASA NO CONDOMINIO PRIME - 03 QUARTOS SENDO 02 SUITES - VENDA !!,1200000.0,Cidade Universitaria,130.0,1,1,1,venda,OLX,https://pe.olx.com.br/regiao-de-petrolina-e-garanhuns/imoveis/casa-no-condominio-prime-03-quartos-sendo-02-suites-venda-1512830696
OPORTUNIDADE ! CASA COM 03 QUARTOS SENDO 01 SUITE - JATOBA,330000.0,Jatoba,76.0,2,1,1,venda,OLX,https://pe.olx.com.br/regiao-de-petrolina-e-garanhuns/imoveis/oportunidade-casa-com-03-quartos-sendo-01-suite-jatoba-1512830399
OPORTUNIDADE ! CASA COM 3 QUARTOS SENDO 01 SUITE - LOT. BOA VISTA,280000.0,,70.0,2,1,1,venda,OLX,https://pe.olx.com.br/regiao-de-petrolina-e-garanhuns/imoveis/oportunidade-casa-com-3-quartos-sendo-01-suite-lot-boa-vista-1512830237
OPORTUNIDADE !! CASAS COM 03 QUARTOS NO DOM AVELAR/PADRE CICERO,300000.0,Dom Avelar,119.0,2,1,1,venda,OLX,https://pe.olx.com.br/regiao-de-petrolina-e-garanhuns/imoveis/oportunidade-casas-com-03-quartos-no-dom-avelar-padre-cicero-1512829849
Residência Moderna no Condomínio Colinas Bela Vista,1290000.0,Sao Goncalo,171.0,3,4,2,venda,OLX,https://pe.olx.com.br/regiao-de-petrolina-e-garanhuns/imoveis/residencia-moderna-no-condominio-colinas-bela-vista-1512757680
"Casa à venda no Lot. Eduardo 4 quartos, sendo 2 suítes, Petrolina-PE",1200000.0,Vila Eduardo,300.0,2,3,,venda,OLX,https://pe.olx.com.br/regiao-de-petrolina-e-garanhuns/imoveis/casa-a-venda-no-lot-eduardo-4-quartos-sendo-2-suites-petrolina-pe-1512513348
"Apartamento à venda no Edf. Monte Everest, 3 suítes, vista para o rio, Petrolina",2350000.0,Atras Da Banca,180.0,3,3,,venda,OLX,https://pe.olx.com.br/regiao-de-petrolina-e-garanhuns/imoveis/apartamento-a-venda-no-edf-monte-everest-3-suites-vista-para-o-rio-petrolina-1512513312
"Apartamento à venda no Residencial Vila Nobre, 3 quartos, Centro de Petrolina",680000.0,Centro,83.0,2,3,,venda,OLX,https://pe.olx.com.br/regiao-de-petrolina-e-garanhuns/imoveis/apartamento-a-venda-no-residencial-vila-nobre-3-quartos-centro-de-petrolina-1512513333
OPORTUNIDADE DE IMOVEL ALTO PADRÃO - CONDOMINIO ALPHAVILLE,1850000.0,Boa Esperanca,240.0,,2,2,venda,OLX,https://pe.olx.com.br/regiao-de-petrolina-e-garanhuns/imoveis/oportunidade-de-imovel-alto-padrao-condominio-alphaville-1512109304
CASA COM 03 SUITES - ALTO PADRAO - CONDOMINIO ENCONTRO DAS AGUAS,2100000.0,,239.0,,3,3,venda,OLX,https://pe.olx.com.br/regiao-de-petrolina-e-garanhuns/imoveis/casa-com-03-suites-alto-padrao-condominio-encontro-das-aguas-1511872106
Apartamento 2/4 Petrolina - Pe,200000.0,Antonio Cassimiro,45.0,2,1,1,venda,OLX,https://pe.olx.com.br/regiao-de-petrolina-e-garanhuns/imoveis/apartamento-2-4-petrolina-pe-1511308048
PARADISO VIDA BELA - CONDOMÍNIO DA JOTANUNES,366800.0,Antonio Cassimiro,59.0,2,2,1,venda,OLX,https://pe.olx.com.br/regiao-de-petrolina-e-garanhuns/imoveis/paradiso-vida-bela-condominio-da-jotanunes-1508706522
Casa no centro bairro Vila Eduardo 3 quartos 1 suite closet,500000.0,Sao Jose,120.0,3,2,1,venda,OLX,https://pe.olx.com.br/regiao-de-petrolina-e-garanhuns/imoveis/casa-no-centro-bairro-vila-eduardo-3-quartos-1-suite-closet-1510577395
Casa no Cond. Sol Nascente Orla,1700000.0,Pedra Do Bode,197.0,3,2,1,venda,OLX,https://pe.olx.com.br/regiao-de-petrolina-e-garanhuns/imoveis/casa-no-cond-sol-nascente-orla-1496166460
Apartamento disponível para venda no Edf. Chateau Duvalier,549000.0,Maria Auxiliadora,70.0,3,2,1,venda,OLX,https://pe.olx.com.br/regiao-de-petrolina-e-garanhuns/imoveis/apartamento-disponivel-para-venda-no-edf-chateau-duvalier-1510346892
"Apartamento à venda no Edf. Romanne, 4 quartos, orla, Petrolina-PE",1250000.0,Atras Da Banca,180.0,2,2,,venda,OLX,https://pe.olx.com.br/regiao-de-petrolina-e-garanhuns/imoveis/apartamento-a-venda-no-edf-romanne-4-quartos-orla-petrolina-pe-1510326855
"Apartamento à venda no Edf. Chateau Lafite, Orla, 3 quartos, varanda, Petrolina",1600000.0,Sao Jose,135.0,2,2,,venda,OLX,https://pe.olx.com.br/regiao-de-petrolina-e-garanhuns/imoveis/apartamento-a-venda-no-edf-chateau-lafite-orla-3-quartos-varanda-petrolina-1510318531
Casa à Venda no Bairro Cajueiro - Juazeiro/BA,430000.0,Dom Avelar,115.0,3,2,1,venda,OLX,https://pe.olx.com.br/regiao-de-petrolina-e-garanhuns/imoveis/casa-a-venda-no-bairro-cajueiro-juazeiro-ba-1509699923
Apartamento semi mobiliado com três quartos à venda no bairro Jatobá em Petrolina,350000.0,Jatoba,68.0,3,2,1,venda,OLX,https://pe.olx.com.br/regiao-de-petrolina-e-garanhuns/imoveis/apartamento-semi-mobiliado-com-tres-quartos-a-venda-no-bairro-jatoba-em-petrolina-1509395093
"Casa à venda, Bairro Colinas do Rio, 3 quartos, piscina, gourmet, Petrolina",650000.0,Cohab Sao Francisco,200.0,1,3,,venda,OLX,https://pe.olx.com.br/regiao-de-petrolina-e-garanhuns/imoveis/casa-a-venda-bairro-colinas-do-rio-3-quartos-piscina-gourmet-petrolina-1509357925
"Casa à venda no Cond. Alphaville, 3 quartos, gourmet, Petrolina-PE",1600000.0,Boa Esperanca,300.0,1,3,,venda,OLX,https://pe.olx.com.br/regiao-de-petrolina-e-garanhuns/imoveis/casa-a-venda-no-cond-alphaville-3-quartos-gourmet-petrolina-pe-1509357509
"Casa Térrea Moderna com Área Gourmet, Churrasqueira e Suíte com Closet",810000.0,Loteamento Recife,137.0,2,2,2,venda,OLX,https://pe.olx.com.br/regiao-de-petrolina-e-garanhuns/imoveis/casa-terrea-moderna-com-area-gourmet-churrasqueira-e-suite-com-closet-1509314018
"Casa 4 quartos, 2 suites com closets, no Condomínio Água Viva, Petrolina-PE",2200000.0,Pedra Do Bode,283.0,4,4,2,venda,OLX,https://pe.olx.com.br/regiao-de-petrolina-e-garanhuns/imoveis/casa-4-quartos-2-suites-com-closets-no-condominio-agua-viva-petrolina-pe-1509269361
CASA PARA VENDA EM EXCELENTE LOCALIZAÇÃO - 06 QUARTOS - ORLA,2000000.0,Sao Jose,360.0,4,3,4,venda,OLX,https://pe.olx.com.br/regiao-de-petrolina-e-garanhuns/imoveis/casa-para-venda-em-excelente-localizacao-06-quartos-orla-1509224768
Dom Avelar,260000.0,Dom Avelar,100.0,3,2,1,venda,OLX,https://pe.olx.com.br/regiao-de-petrolina-e-garanhuns/imoveis/dom-avelar-1509167761
Dom Avelar,270000.0,Dom Avelar,100.0,3,2,1,venda,OLX,https://pe.olx.com.br/regiao-de-petrolina-e-garanhuns/imoveis/dom-avelar-1509167621
"Casa em condominio à venda, 4 quartos, 1 suíte, 2 vagas, CONDOMINIO AGUA VIVA - Petrolina/",2500000.0,Centro,450.0,4,4,2,venda,OLX,https://pe.olx.com.br/regiao-de-petrolina-e-garanhuns/imoveis/casa-em-condominio-a-venda-4-quartos-1-suite-2-vagas-condominio-agua-viva-petrolina-1508990864
CASA PARA VENDA- ALTO DA BOA VISTA,450000.0,Sao Goncalo,80.0,3,1,1,venda,OLX,https://pe.olx.com.br/regiao-de-petrolina-e-garanhuns/imoveis/casa-para-venda-alto-da-boa-vista-1508407608
Casa para venda com 3 quartos e suíte no Bairro Dom Avelar - Petrolina/PE,240000.0,Sao Jose,100.0,3,2,1,venda,OLX,https://pe.olx.com.br/regiao-de-petrolina-e-garanhuns/imoveis/casa-para-venda-com-3-quartos-e-suite-no-bairro-dom-avelar-petrolina-pe-1508310141
CASA À VENDA!,200000.0,Dom Avelar,100.0,3,1,1,venda,OLX,https://pe.olx.com.br/regiao-de-petrolina-e-garanhuns/imoveis/casa-venda-1508188483
"Casa Alto Padrão, 5 quartos 4 suites, Condomínio Gran Ville, Orla Petrolina-PE.",6200000.0,Centro,800.0,5,5,2,venda,OLX,https://pe.olx.com.br/regiao-de-petrolina-e-garanhuns/imoveis/casa-alto-padrao-5-quartos-4-suites-condominio-gran-ville-orla-petrolina-pe-1508058786
Imóvel para venda tem 50 metros quadrados com 2 quartos em Vila Mocó - Petrolina - PE,280000.0,Vila Moco,50.0,2,1,1,venda,OLX,https://pe.olx.com.br/regiao-de-petrolina-e-garanhuns/imoveis/imovel-para-venda-tem-50-metros-quadrados-com-2-quartos-em-vila-moco-petrolina-pe-1507657453
"Casa à venda no Bairro Dom Avelar, 03 quartos, churrasqueira, Petrolina-PE",380000.0,Antonio Cassimiro,125.0,2,2,,venda,OLX,https://pe.olx.com.br/regiao-de-petrolina-e-garanhuns/imoveis/casa-a-venda-no-bairro-dom-avelar-03-quartos-churrasqueira-petrolina-pe-1507109350
Casa Residencial à venda em Petrolina-PE (Bairro Jardim São Paulo) | 2 quartos,215000.0,Jardim Sao Paulo,52.0,2,1,1,venda,OLX,https://pe.olx.com.br/regiao-de-petrolina-e-garanhuns/imoveis/casa-residencial-a-venda-em-petrolina-pe-bairro-jardim-sao-paulo-2-quartos-1505859932
DUPLEX DE ESQUINA A VENDA - 04 QUARTOS - VILA MOCÓ - ACABAMENTO ALTA QUALIDADE,790000.0,Vila Moco,135.0,4,1,2,venda,OLX,https://pe.olx.com.br/regiao-de-petrolina-e-garanhuns/imoveis/duplex-de-esquina-a-venda-04-quartos-vila-moco-acabamento-alta-qualidade-1504938372
Casa de Luxo no Portal das Águas | 5 Suítes | Piscina | Alto Padrão | 491m²,5800000.0,Centro,500.0,5,5,4,venda,OLX,https://pe.olx.com.br/regiao-de-petrolina-e-garanhuns/imoveis/casa-de-luxo-no-portal-das-aguas-5-suites-piscina-alto-padrao-491m-1506623356
Casa em Condomínio à Venda em Petrolina | Alto Padrão,2300000.0,Loteamento Recife,248.0,4,4,2,venda,OLX,https://pe.olx.com.br/regiao-de-petrolina-e-garanhuns/imoveis/casa-em-condominio-a-venda-em-petrolina-alto-padrao-1506545426
"Casa 3 quartos, 1 suite, à venda no Loteamento Stella Márcia, Petrolina",410000.0,Dom Avelar,156.0,3,2,2,venda,OLX,https://pe.olx.com.br/regiao-de-petrolina-e-garanhuns/imoveis/casa-3-quartos-1-suite-a-venda-no-loteamento-stella-marcia-petrolina-1506545362
** SONHO DE CASA NO CONDOMÍNIO ECO SPA! **,1800000.0,Centro,462.0,4,5,4,venda,OLX,https://pe.olx.com.br/regiao-de-petrolina-e-garanhuns/imoveis/sonho-de-casa-no-condominio-eco-spa-1506425854
CASA PARA VENDA PARK JATOBA - 03 QUARTOS,430000.0,Jatoba,200.0,2,1,1,venda,OLX,https://pe.olx.com.br/regiao-de-petrolina-e-garanhuns/imoveis/casa-para-venda-park-jatoba-03-quartos-1506424529
**Uma Oportunidade Incrível: Casa de Alto Padrão Disponível para Venda!,2250000.0,Centro,201.0,4,4,2,venda,OLX,https://pe.olx.com.br/regiao-de-petrolina-e-garanhuns/imoveis/uma-oportunidade-incrivel-casa-de-alto-padrao-disponivel-para-venda-1506423948
Casa à Venda  Bairro Alto do Cocar | Petrolina/PE,859000.0,Alto Do Cocar,140.0,3,3,2,venda,OLX,https://pe.olx.com.br/regiao-de-petrolina-e-garanhuns/imoveis/casa-a-venda-bairro-alto-do-cocar-petrolina-pe-1506201461
Casa Alto Padrão | Buona Vita | Petrolina  169m² construídos | Terreno 200m²,1040000.0,Centro,202.0,3,3,2,venda,OLX,https://pe.olx.com.br/regiao-de-petrolina-e-garanhuns/imoveis/casa-alto-padrao-buona-vita-petrolina-169m-construidos-terreno-200m-1505958483
BUONA VITA | CASA NOVA | PROJETO IMPONENTE,1250000.0,Centro,202.0,4,4,2,venda,OLX,https://pe.olx.com.br/regiao-de-petrolina-e-garanhuns/imoveis/buona-vita-casa-nova-projeto-imponente-1505950686
"Casa 3 quartos, 1 suite, à venda Loteamento Boa Vista, Jatoba, Petrolina-PE",350000.0,Jatoba,125.0,3,2,1,venda,OLX,https://pe.olx.com.br/regiao-de-petrolina-e-garanhuns/imoveis/casa-3-quartos-1-suite-a-venda-loteamento-boa-vista-jatoba-petrolina-pe-1505903999
"Casa Residencial à venda em Petrolina-PE (Bairro Jardim São Paulo) | 2 quartos, 52m² por R",215000.0,Jardim Sao Paulo,52.0,2,1,1,venda,OLX,https://pe.olx.com.br/regiao-de-petrolina-e-garanhuns/imoveis/casa-residencial-a-venda-em-petrolina-pe-bairro-jardim-sao-paulo-2-quartos-52m-por-r-1505859906
"Casa Residencial à venda em Petrolina-PE (Bairro Jardim São Paulo) | 2 quartos, 52m² por R",215000.0,Jardim Sao Paulo,52.0,2,1,1,venda,OLX,https://pe.olx.com.br/regiao-de-petrolina-e-garanhuns/imoveis/casa-residencial-a-venda-em-petrolina-pe-bairro-jardim-sao-paulo-2-quartos-52m-por-r-1505859907
CASA NOVA PETROLINA,210000.0,Cohab Sao Francisco,72.0,2,1,1,venda,OLX,https://pe.olx.com.br/regiao-de-petrolina-e-garanhuns/imoveis/casa-nova-petrolina-1505752865
"Casa à venda no Cond Sol Nascente Etapas, 6 quartos, Piscina, Gourmet, Petrolina",2600000.0,Cidade Universitaria,410.0,2,5,,venda,OLX,https://pe.olx.com.br/regiao-de-petrolina-e-garanhuns/imoveis/casa-a-venda-no-cond-sol-nascente-etapas-6-quartos-piscina-gourmet-petrolina-1505339826
"Casa à venda no Cond Sol Nascente Etapas, 5 quartos, Piscina, Gourmet, Petrolina",2250000.0,Cidade Universitaria,250.0,1,5,,venda,OLX,https://pe.olx.com.br/regiao-de-petrolina-e-garanhuns/imoveis/casa-a-venda-no-cond-sol-nascente-etapas-5-quartos-piscina-gourmet-petrolina-1505339501
"Casa à venda no bairro Areia Branca, 4 quartos, varanda, Petrolina-PE",950000.0,Areia Branca,235.0,3,3,,venda,OLX,https://pe.olx.com.br/regiao-de-petrolina-e-garanhuns/imoveis/casa-a-venda-no-bairro-areia-branca-4-quartos-varanda-petrolina-pe-1505339274
CASA MODERNA NO BONAVITA | 3 QUARTOS  PISCINA  PRONTA PRA MORAR,1100000.0,Centro,207.0,3,3,2,venda,OLX,https://pe.olx.com.br/regiao-de-petrolina-e-garanhuns/imoveis/casa-moderna-no-bonavita-3-quartos-piscina-pronta-pra-morar-1505335207
Casa nova no Condomínio Buona Vita | Petrolina,1100000.0,Centro,209.0,3,3,2,venda,OLX,https://pe.olx.com.br/regiao-de-petrolina-e-garanhuns/imoveis/casa-nova-no-condominio-buona-vita-petrolina-1505334616
Casa Alto Padrão | Buona Vita | Petrolina,990000.0,Centro,205.0,3,4,2,venda,OLX,https://pe.olx.com.br/regiao-de-petrolina-e-garanhuns/imoveis/casa-alto-padrao-buona-vita-petrolina-1505334078
CASA MODERNA NO BONAVITA | PÉ DIREITO ALTO + PISCINA,1020000.0,Centro,205.0,3,3,2,venda,OLX,https://pe.olx.com.br/regiao-de-petrolina-e-garanhuns/imoveis/casa-moderna-no-bonavita-pe-direito-alto-piscina-1505333403
CASA A VENDA - 03 QUARTOS - VILA MOCÓ ACABAMENTO ALTA QUALIDADE,850000.0,Vila Moco,160.0,3,1,2,venda,OLX,https://pe.olx.com.br/regiao-de-petrolina-e-garanhuns/imoveis/casa-a-venda-03-quartos-vila-moco-acabamento-alta-qualidade-1504938382
DUPLEX DE ESQUINA A VENDA - 04 QUARTOS - VILA MOCÓ - ACABAMENTO ALTA QUALIDADE,850000.0,Vila Moco,135.0,4,1,2,venda,OLX,https://pe.olx.com.br/regiao-de-petrolina-e-garanhuns/imoveis/duplex-de-esquina-a-venda-04-quartos-vila-moco-acabamento-alta-qualidade-1504938373
Casa de 1° andar pronta para morar no Condomínio Buona Vita #3 suítes #áreagourmetcompisci,1200000.0,Centro,210.0,4,4,2,venda,OLX,https://pe.olx.com.br/regiao-de-petrolina-e-garanhuns/imoveis/casa-de-1-andar-pronta-para-morar-no-condominio-buona-vita-3-suites-areagourmetcompisci-1504925939
"Descubra o seu novo lar no Condomínio Buona Vita, um dos mais modernos e desejados da cida",1150000.0,Centro,211.0,3,4,2,venda,OLX,https://pe.olx.com.br/regiao-de-petrolina-e-garanhuns/imoveis/descubra-o-seu-novo-lar-no-condominio-buona-vita-um-dos-mais-modernos-e-desejados-da-cida-1504924160
Imóvel para aluguel e venda com 150 metros quadrados com 3 quartos,1200000.0,Cidade Universitaria,150.0,3,4,2,venda,OLX,https://pe.olx.com.br/regiao-de-petrolina-e-garanhuns/imoveis/imovel-para-aluguel-e-venda-com-150-metros-quadrados-com-3-quartos-1504650561
"Apartamento à venda no Edf. Gabriela, 3 quartos, planejados, Petrolina",485000.0,Vila Moco,106.0,2,2,,venda,OLX,https://pe.olx.com.br/regiao-de-petrolina-e-garanhuns/imoveis/apartamento-a-venda-no-edf-gabriela-3-quartos-planejados-petrolina-1504280993
"Apartamento à venda, 2 quartos, 1 suíte, 1 vaga, Carneiro - Petrolina/PE",241900.0,Fernando Idalino,50.0,2,2,1,venda,OLX,https://pe.olx.com.br/regiao-de-petrolina-e-garanhuns/imoveis/apartamento-a-venda-2-quartos-1-suite-1-vaga-carneiro-petrolina-pe-1504207619
CASAS NO BAIRRO COSME DAMIÃO,240000.0,Portal Da Cidade,100.0,3,2,1,venda,OLX,https://pe.olx.com.br/regiao-de-petrolina-e-garanhuns/imoveis/casas-no-bairro-cosme-damiao-1469205992
Casa no Bairro Dona Alexandrina,380000.0,Dona Alexandrina,125.0,3,2,1,venda,OLX,https://pe.olx.com.br/regiao-de-petrolina-e-garanhuns/imoveis/casa-no-bairro-dona-alexandrina-1474419392
CASA JARDIM AMAZONAS,290000.0,Jardim Amazonas,120.0,3,2,1,venda,OLX,https://pe.olx.com.br/regiao-de-petrolina-e-garanhuns/imoveis/casa-jardim-amazonas-1496579850
"Casa em condomínio à venda, 3 quartos, 1 vaga, PARQUE PETROLINA - Petrolina/PE",240000.0,Topazio,,3,1,1,venda,OLX,https://pe.olx.com.br/regiao-de-petrolina-e-garanhuns/imoveis/casa-em-condominio-a-venda-3-quartos-1-vaga-parque-petrolina-petrolina-pe-1504019798
"Apartamento à venda, 3 quartos, 1 suíte, 2 vagas, Carneiro - Petrolina/PE",388900.0,Fernando Idalino,68.0,3,2,2,venda,OLX,https://pe.olx.com.br/regiao-de-petrolina-e-garanhuns/imoveis/apartamento-a-venda-3-quartos-1-suite-2-vagas-carneiro-petrolina-pe-1503941216
"Apartamento à venda, 2 quartos, 1 suíte, 1 vaga, Carneiro - Petrolina/PE",274900.0,Fernando Idalino,51.0,2,2,1,venda,OLX,https://pe.olx.com.br/regiao-de-petrolina-e-garanhuns/imoveis/apartamento-a-venda-2-quartos-1-suite-1-vaga-carneiro-petrolina-pe-1503941098
"Apartamento à venda, 3 quartos, 1 suíte, 1 vaga, Carneiro - Petrolina/PE",313900.0,Fernando Idalino,67.0,3,2,1,venda,OLX,https://pe.olx.com.br/regiao-de-petrolina-e-garanhuns/imoveis/apartamento-a-venda-3-quartos-1-suite-1-vaga-carneiro-petrolina-pe-1503941097
"Apartamento à venda, 3 quartos, 1 suíte, 1 vaga, Carneiro - Petrolina/PE",318900.0,Fernando Idalino,67.0,3,2,1,venda,OLX,https://pe.olx.com.br/regiao-de-petrolina-e-garanhuns/imoveis/apartamento-a-venda-3-quartos-1-suite-1-vaga-carneiro-petrolina-pe-1503940898
"Apartamento à venda, 3 quartos, 1 suíte, 2 vagas, Carneiro - Petrolina/PE",391900.0,Fernando Idalino,68.0,3,2,2,venda,OLX,https://pe.olx.com.br/regiao-de-petrolina-e-garanhuns/imoveis/apartamento-a-venda-3-quartos-1-suite-2-vagas-carneiro-petrolina-pe-1503940906
"Apartamento à venda, 3 quartos, 1 suíte, 1 vaga, Carneiro - Petrolina/PE",318900.0,Fernando Idalino,68.0,3,2,1,venda,OLX,https://pe.olx.com.br/regiao-de-petrolina-e-garanhuns/imoveis/apartamento-a-venda-3-quartos-1-suite-1-vaga-carneiro-petrolina-pe-1503940910
"Apartamento à venda, 2 quartos, 1 suíte, 1 vaga, Carneiro - Petrolina/PE",273900.0,Fernando Idalino,50.0,2,2,1,venda,OLX,https://pe.olx.com.br/regiao-de-petrolina-e-garanhuns/imoveis/apartamento-a-venda-2-quartos-1-suite-1-vaga-carneiro-petrolina-pe-1503940879
CASA ALTO PADRÃO NO PARK JATOBÁ,1150000.0,Centro,336.0,3,3,2,venda,OLX,https://pe.olx.com.br/regiao-de-petrolina-e-garanhuns/imoveis/casa-alto-padrao-no-park-jatoba-1503690733
Casa no Cond. Sol Nascente Orla,2200000.0,Pedra Do Bode,200.0,3,3,2,venda,OLX,https://pe.olx.com.br/regiao-de-petrolina-e-garanhuns/imoveis/casa-no-cond-sol-nascente-orla-1499182584
Apartamento. venda,800000.0,Centro,94.0,3,2,1,venda,OLX,https://pe.olx.com.br/regiao-de-petrolina-e-garanhuns/imoveis/apartamento-venda-1503125246
"2 casas à venda na Areia Branca com 3 quartos, gourmet, Petrolina",1700000.0,Areia Branca,375.0,4,4,,venda,OLX,https://pe.olx.com.br/regiao-de-petrolina-e-garanhuns/imoveis/2-casas-a-venda-na-areia-branca-com-3-quartos-gourmet-petrolina-1502409219
"Casa à venda no Cond. Água Viva, 4 quartos, gourmet, piscina, Petrolina",1500000.0,Centro,245.0,1,5,2,venda,OLX,https://pe.olx.com.br/regiao-de-petrolina-e-garanhuns/imoveis/casa-a-venda-no-cond-agua-viva-4-quartos-gourmet-piscina-petrolina-1502409195
"Casa à venda no bairro Areia Branca, 2 quartos, gourmet, Petrolina",550000.0,Areia Branca,105.0,1,2,,venda,OLX,https://pe.olx.com.br/regiao-de-petrolina-e-garanhuns/imoveis/casa-a-venda-no-bairro-areia-branca-2-quartos-gourmet-petrolina-1502409058
"Casa 3 quartos, 2 suites, à venda no Condomínio Buona Vita, Petrolina",1100000.0,Loteamento Recife,134.0,3,3,2,venda,OLX,https://pe.olx.com.br/regiao-de-petrolina-e-garanhuns/imoveis/casa-3-quartos-2-suites-a-venda-no-condominio-buona-vita-petrolina-1501867418
"Casa à venda no Loteamento Recife, 3 quartos, sendo um suite, Petrolina",450000.0,Loteamento Recife,232.0,2,2,,venda,OLX,https://pe.olx.com.br/regiao-de-petrolina-e-garanhuns/imoveis/casa-a-venda-no-loteamento-recife-3-quartos-sendo-um-suite-petrolina-1501208225
Casa Bela Vista  (João de Deus),280000.0,Joao De Deus,102.0,3,2,,venda,OLX,https://pe.olx.com.br/regiao-de-petrolina-e-garanhuns/imoveis/casa-bela-vista-joao-de-deus-1461157995
Casa no Stela Márcia (Padre Cícero),420000.0,Dom Avelar,156.0,3,2,2,venda,OLX,https://pe.olx.com.br/regiao-de-petrolina-e-garanhuns/imoveis/casa-no-stela-marcia-padre-cicero-1438424742
"Casa à venda no Condomínio Prime, Cidade Universitária, Petrolina",1200000.0,Cidade Universitaria,130.0,3,3,2,venda,OLX,https://pe.olx.com.br/regiao-de-petrolina-e-garanhuns/imoveis/casa-a-venda-no-condominio-prime-cidade-universitaria-petrolina-1500383135
Casa a venda no Stela Marcia,430000.0,Dom Avelar,119.0,2,2,2,venda,OLX,https://pe.olx.com.br/regiao-de-petrolina-e-garanhuns/imoveis/casa-a-venda-no-stela-marcia-1500327119
"Casa à venda no bairro Nossa Sra. de Fátima, 2 quartos, Petrolina-PE",190000.0,Pedro Raimundo,51.0,2,1,,venda,OLX,https://pe.olx.com.br/regiao-de-petrolina-e-garanhuns/imoveis/casa-a-venda-no-bairro-nossa-sra-de-fatima-2-quartos-petrolina-pe-1500206659
"Casa à venda no bairro Portal da Cidade, 3 quartos, Petrolina-PE",280000.0,Sao Goncalo,90.0,2,2,,venda,OLX,https://pe.olx.com.br/regiao-de-petrolina-e-garanhuns/imoveis/casa-a-venda-no-bairro-portal-da-cidade-3-quartos-petrolina-pe-1500204867
Loteamento Vila Nova I,260000.0,Loteamento Recife,70.0,3,2,1,venda,OLX,https://pe.olx.com.br/regiao-de-petrolina-e-garanhuns/imoveis/loteamento-vila-nova-i-1499995466
"Casa à venda no bairro Vila Eduardo, 3 quartos, Gourmet, Petrolina-PE",1200000.0,Vila Eduardo,180.0,1,3,,venda,OLX,https://pe.olx.com.br/regiao-de-petrolina-e-garanhuns/imoveis/casa-a-venda-no-bairro-vila-eduardo-3-quartos-gourmet-petrolina-pe-1499914123
"Casa à venda no Bairro São José com 3 quartos, sendo 2 suítes, PETROLINA - PE",790000.0,Sao Jose,169.0,3,4,,venda,OLX,https://pe.olx.com.br/regiao-de-petrolina-e-garanhuns/imoveis/casa-a-venda-no-bairro-sao-jose-com-3-quartos-sendo-2-suites-petrolina-pe-1499579769
Casa de Luxo no Portal das Águas | 5 Suítes | Piscina | Alto Padrão | 491m²,5800000.0,Centro,505.0,5,5,4,venda,OLX,https://pe.olx.com.br/regiao-de-petrolina-e-garanhuns/imoveis/casa-de-luxo-no-portal-das-aguas-5-suites-piscina-alto-padrao-491m-1499553949
Casa Alto Padrão no Portal das Águas | 6 Quartos | Vista Rio São Francisco | 1.900m²,4000000.0,Centro,1904.0,5,5,4,venda,OLX,https://pe.olx.com.br/regiao-de-petrolina-e-garanhuns/imoveis/casa-alto-padrao-no-portal-das-aguas-6-quartos-vista-rio-sao-francisco-1-900m-1499528714
COLINAS BELLA VISTA | CASA MODERNA COM PISCINA + GOURMET,1100000.0,Centro,279.0,3,4,3,venda,OLX,https://pe.olx.com.br/regiao-de-petrolina-e-garanhuns/imoveis/colinas-bella-vista-casa-moderna-com-piscina-gourmet-1499524057
Casa à venda Condomínio Buona Vita 3 quartos 1 suite e closet - Petrolina,1100000.0,Loteamento Recife,140.0,3,2,2,venda,OLX,https://pe.olx.com.br/regiao-de-petrolina-e-garanhuns/imoveis/casa-a-venda-condominio-buona-vita-3-quartos-1-suite-e-closet-petrolina-1499277865
"Apartamento 3 quartos 2 suites à venda no Edf. Chateau Lafite, na ORLA 1 - Centr",1900000.0,Centro,140.0,3,3,2,venda,OLX,https://pe.olx.com.br/regiao-de-petrolina-e-garanhuns/imoveis/apartamento-3-quartos-2-suites-a-venda-no-edf-chateau-lafite-na-orla-1-centr-1499277898
"Casa à venda no bairro Atrás da Banca, 04 suítes, terreno 600m, Petrolina",1380000.0,Atras Da Banca,367.0,4,5,,venda,OLX,https://pe.olx.com.br/regiao-de-petrolina-e-garanhuns/imoveis/casa-a-venda-no-bairro-atras-da-banca-04-suites-terreno-600m-petrolina-1498962990
"Casa à venda no Cond. Buona Vita, 3 suítes, planejados, Petrolina",1350000.0,Loteamento Recife,160.0,3,3,,venda,OLX,https://pe.olx.com.br/regiao-de-petrolina-e-garanhuns/imoveis/casa-a-venda-no-cond-buona-vita-3-suites-planejados-petrolina-1498962561
Casa no Cond. Buona Vita,1150000.0,Boa Esperanca,200.0,3,5,2,venda,OLX,https://pe.olx.com.br/regiao-de-petrolina-e-garanhuns/imoveis/casa-no-cond-buona-vita-1497349898
Apartamento Edf Rio Ipanema 3 quartos 2 suítes à venda - Orla Petrolina,900000.0,Atras Da Banca,110.0,3,3,2,venda,OLX,https://pe.olx.com.br/regiao-de-petrolina-e-garanhuns/imoveis/apartamento-edf-rio-ipanema-3-quartos-2-suites-a-venda-orla-petrolina-1498866743
** Seu Lar dos Sonhos no Condomínio Portal das Águas! **,2500000.0,Centro,804.0,3,5,4,venda,OLX,https://pe.olx.com.br/regiao-de-petrolina-e-garanhuns/imoveis/seu-lar-dos-sonhos-no-condominio-portal-das-aguas-1498617111
Sua Nova Casa dos Sonhos em Petrolina te Aguarda!,215000.0,Antonio Cassimiro,68.0,3,1,1,venda,OLX,https://pe.olx.com.br/regiao-de-petrolina-e-garanhuns/imoveis/sua-nova-casa-dos-sonhos-em-petrolina-te-aguarda-1498409393
Casa no Condominio flor de Algodão,290000.0,Cohab Sao Francisco,49.0,2,1,2,venda,OLX,https://pe.olx.com.br/regiao-de-petrolina-e-garanhuns/imoveis/casa-no-condominio-flor-de-algodao-1498283446
Imóvel para venda possui 200 metros quadrados com 3 quartos em Boa Esperança - Petrolina -,1100000.0,Boa Esperanca,200.0,3,2,1,venda,OLX,https://pe.olx.com.br/regiao-de-petrolina-e-garanhuns/imoveis/imovel-para-venda-possui-200-metros-quadrados-com-3-quartos-em-boa-esperanca-petrolina-1487460369
"Imóvel pronto para negociar  Casa no Areia Branca, Petrolina - PE, Nº 36, 2 quartos, 117,4",494585.0,Areia Branca,117.0,2,1,,venda,OLX,https://pe.olx.com.br/regiao-de-petrolina-e-garanhuns/imoveis/imovel-pronto-para-negociar-casa-no-areia-branca-petrolina-pe-n-36-2-quartos-117-4-1498139936
Viva com Mais Amplitude 3 Quartos sendo 1 suíte em 109m²,485000.0,Maria Auxiliadora,109.0,3,3,2,venda,OLX,https://pe.olx.com.br/regiao-de-petrolina-e-garanhuns/imoveis/viva-com-mais-amplitude-3-quartos-sendo-1-suite-em-109m-1497968417
Oportunidade de viver com conforto e qualidade no Portal das Águas!,2900000.0,Centro,700.0,4,4,4,venda,OLX,https://pe.olx.com.br/regiao-de-petrolina-e-garanhuns/imoveis/oportunidade-de-viver-com-conforto-e-qualidade-no-portal-das-aguas-1497775044
** Seu Lar dos Sonhos no Condomínio Portal das Águas! **,2500000.0,Centro,940.0,3,4,2,venda,OLX,https://pe.olx.com.br/regiao-de-petrolina-e-garanhuns/imoveis/seu-lar-dos-sonhos-no-condominio-portal-das-aguas-1497773714
PORTAL DAS ÁGUAS | CASA IMPECÁVEL COM 600m² | 4 SUÍTES | ALTO PADRÃO,2500000.0,Centro,701.0,4,5,2,venda,OLX,https://pe.olx.com.br/regiao-de-petrolina-e-garanhuns/imoveis/portal-das-aguas-casa-impecavel-com-600m-4-suites-alto-padrao-1497755591
**Vendo Casa no Condomínio Alphaville **  **Localização Privilegiada:**,1800000.0,Centro,462.0,4,3,4,venda,OLX,https://pe.olx.com.br/regiao-de-petrolina-e-garanhuns/imoveis/vendo-casa-no-condominio-alphaville--localizacao-privilegiada-1497750048
Casa no Condomínio Sol Nascente Orla,2100000.0,Pedra Do Bode,200.0,4,3,2,venda,OLX,https://pe.olx.com.br/regiao-de-petrolina-e-garanhuns/imoveis/casa-no-condominio-sol-nascente-orla-1496056880
**Anúncio: Oportunidade Imperdível no Buona Vita!**,1650000.0,Centro,200.0,4,4,2,venda,OLX,https://pe.olx.com.br/regiao-de-petrolina-e-garanhuns/imoveis/anuncio-oportunidade-imperdivel-no-buona-vita-1497522683
CASA NOVA COM PISCINA  CONDOMÍNIO BUONA VITA | PETROLINA,1100000.0,Centro,205.0,3,3,2,venda,OLX,https://pe.olx.com.br/regiao-de-petrolina-e-garanhuns/imoveis/casa-nova-com-piscina-condominio-buona-vita-petrolina-1497159478
"Viva com conforto, exclusividade e contato com a natureza!",1150000.0,Centro,276.0,4,4,2,venda,OLX,https://pe.olx.com.br/regiao-de-petrolina-e-garanhuns/imoveis/viva-com-conforto-exclusividade-e-contato-com-a-natureza-1496938597
CASA ALTO PADRÃO NO BUONA VITA  4 QUARTOS | 230m²,1350000.0,Centro,230.0,4,4,2,venda,OLX,https://pe.olx.com.br/regiao-de-petrolina-e-garanhuns/imoveis/casa-alto-padrao-no-buona-vita-4-quartos-230m-1496899520
Casa de Alto Padrão no Condomínio Bonavita  Petrolina/PE,1150000.0,Centro,200.0,3,4,2,venda,OLX,https://pe.olx.com.br/regiao-de-petrolina-e-garanhuns/imoveis/casa-de-alto-padrao-no-condominio-bonavita-petrolina-pe-1496898651
Última oportunidade no Condomínio Sol Nascente  Área Central,950000.0,Centro,200.0,3,4,2,venda,OLX,https://pe.olx.com.br/regiao-de-petrolina-e-garanhuns/imoveis/ultima-oportunidade-no-condominio-sol-nascente-area-central-1496893301
Casa á venda Loteamento Recife,298000.0,Loteamento Recife,70.0,3,2,1,venda,OLX,https://pe.olx.com.br/regiao-de-petrolina-e-garanhuns/imoveis/casa-a-venda-loteamento-recife-1496788264
Térrea para venda com 120 metros quadrados com 3 quartos em Loteamento Recife - Petrolina ,390000.0,Loteamento Recife,120.0,3,2,1,venda,OLX,https://pe.olx.com.br/regiao-de-petrolina-e-garanhuns/imoveis/terrea-para-venda-com-120-metros-quadrados-com-3-quartos-em-loteamento-recife-petrolina-1496735821
CASA PARA A VENDA - TRES QUARTOS - BAIRRO STELLA MARCIA,490000.0,,156.0,3,1,2,venda,OLX,https://pe.olx.com.br/regiao-de-petrolina-e-garanhuns/imoveis/casa-para-a-venda-tres-quartos-bairro-stella-marcia-1496707418
"Imagine acordar todo dia em um Apartamento sofisticado, conforto e vista incrível do São F",1700000.0,Centro,137.0,4,4,2,venda,OLX,https://pe.olx.com.br/regiao-de-petrolina-e-garanhuns/imoveis/imagine-acordar-todo-dia-em-um-apartamento-sofisticado-conforto-e-vista-incrivel-do-sao-f-1496688934
"**Condomínio Sol Nascente *, localizada na área central de Petrolina.",900000.0,Centro,200.0,3,3,2,venda,OLX,https://pe.olx.com.br/regiao-de-petrolina-e-garanhuns/imoveis/condominio-sol-nascente-localizada-na-area-central-de-petrolina-1496191976
"Vende Casa 3 quartos, 1 suite e closet - Loteamento Vila Nova - Petrolina/PE.",525000.0,Loteamento Recife,129.0,3,3,2,venda,OLX,https://pe.olx.com.br/regiao-de-petrolina-e-garanhuns/imoveis/vende-casa-3-quartos-1-suite-e-closet-loteamento-vila-nova-petrolina-pe-1495765840
Apartamento à Venda no Edifício Gabriela  Centro de Petrolina,485000.0,Centro,102.0,3,2,2,venda,OLX,https://pe.olx.com.br/regiao-de-petrolina-e-garanhuns/imoveis/apartamento-a-venda-no-edificio-gabriela-centro-de-petrolina-1495073151
CASA PARA VENDA - 03 QUARTOS - JOÃO DE DEUS,275000.0,Jardim Sao Paulo,74.0,3,1,1,venda,OLX,https://pe.olx.com.br/regiao-de-petrolina-e-garanhuns/imoveis/casa-para-venda-03-quartos-joao-de-deus-1495004245
CASA PARA VENDA NO CONDOMINIO BUONA COM TRES QUARTOS,1100000.0,Boa Esperanca,134.0,3,1,1,venda,OLX,https://pe.olx.com.br/regiao-de-petrolina-e-garanhuns/imoveis/casa-para-venda-no-condominio-buona-com-tres-quartos-1495004211
CASA PARA VENDA - 03 QUARTOS - CAMINHO DO SOL,990000.0,Caminho Do Sol,127.0,3,1,,venda,OLX,https://pe.olx.com.br/regiao-de-petrolina-e-garanhuns/imoveis/casa-para-venda-03-quartos-caminho-do-sol-1494684931
Indisponível.Apartamento,579000.0,Maria Auxiliadora,70.0,3,2,1,venda,OLX,https://pe.olx.com.br/regiao-de-petrolina-e-garanhuns/imoveis/indisponivel-apartamento-1494680246
Casa no Bairro caminho do Sol,550000.0,Caminho Do Sol,112.0,2,2,2,venda,OLX,https://pe.olx.com.br/regiao-de-petrolina-e-garanhuns/imoveis/casa-no-bairro-caminho-do-sol-1494669635
"Apartamento à venda no Edf. Soraya, 3 quartos, planejados, Petrolina-PE",670000.0,Vila Moco,180.0,2,2,,venda,OLX,https://pe.olx.com.br/regiao-de-petrolina-e-garanhuns/imoveis/apartamento-a-venda-no-edf-soraya-3-quartos-planejados-petrolina-pe-1494364277
"Apartamento amplo em ótima localização, 3 quartos sendo uma suíte.",500000.0,Sao Jose,100.0,3,3,1,venda,OLX,https://pe.olx.com.br/regiao-de-petrolina-e-garanhuns/imoveis/apartamento-amplo-em-otima-localizacao-3-quartos-sendo-uma-suite-1494283607
"Casa Completa no Vila Eduardo: 3 Quartos, Área Gourmet e Espaço para Toda a Família!",900000.0,Vila Eduardo,180.0,3,3,3,venda,OLX,https://pe.olx.com.br/regiao-de-petrolina-e-garanhuns/imoveis/casa-completa-no-vila-eduardo-3-quartos-area-gourmet-e-espaco-para-toda-a-familia-1494283415
Apartamento a venda,350000.0,Sao Jose,83.0,2,2,1,venda,OLX,https://pe.olx.com.br/regiao-de-petrolina-e-garanhuns/imoveis/apartamento-a-venda-1494283417
Condomínio Viva Vida,800000.0,Jatoba,400.0,3,3,2,venda,OLX,https://pe.olx.com.br/regiao-de-petrolina-e-garanhuns/imoveis/condominio-viva-vida-1494185740
PORTAL DAS ÁGUAS | CASA 2 PAV | ENERGIA SOLAR 3 suítes + dependência,3200000.0,Centro,800.0,3,5,4,venda,OLX,https://pe.olx.com.br/regiao-de-petrolina-e-garanhuns/imoveis/portal-das-aguas-casa-2-pav-energia-solar-3-suites-dependencia-1494062025
PORTAL DAS ÁGUAS | CASA 3 SUÍTES 320m² construída | Terreno 940m²,2500000.0,Centro,940.0,3,5,4,venda,OLX,https://pe.olx.com.br/regiao-de-petrolina-e-garanhuns/imoveis/portal-das-aguas-casa-3-suites-320m-construida-terreno-940m-1494059811
**Oportunidade Imperdível: Sua Casa dos Sonhos no Condomínio Sol Nascente Orla!**,2100000.0,Centro,244.0,4,5,2,venda,OLX,https://pe.olx.com.br/regiao-de-petrolina-e-garanhuns/imoveis/oportunidade-imperdivel-sua-casa-dos-sonhos-no-condominio-sol-nascente-orla-1494056977
Casas disponíveis no Vale do Grande Rio,245000.0,Vale Grande Rio,83.0,3,2,1,venda,OLX,https://pe.olx.com.br/regiao-de-petrolina-e-garanhuns/imoveis/casas-disponiveis-no-vale-do-grande-rio-1469773965
Casa Novo Tempo,160000.0,Pedra Linda,140.0,2,1,4,venda,OLX,https://pe.olx.com.br/regiao-de-petrolina-e-garanhuns/imoveis/casa-novo-tempo-1475092973
Casa no Condomínio Sol Nascente à Venda em Petrolina - Cidade Universitária,1200000.0,Centro,189.0,4,4,2,venda,OLX,https://pe.olx.com.br/regiao-de-petrolina-e-garanhuns/imoveis/casa-no-condominio-sol-nascente-a-venda-em-petrolina-cidade-universitaria-1482909442
Casa com 3 quartos para venda no Caminho do Sol - Petrolina/PE,520000.0,Caminho Do Sol,142.0,3,2,1,venda,OLX,https://pe.olx.com.br/regiao-de-petrolina-e-garanhuns/imoveis/casa-com-3-quartos-para-venda-no-caminho-do-sol-petrolina-pe-1492390302
Casa à venda no Loteamento Colina do Rio,580000.0,Distrito Industrial,200.0,3,3,2,venda,OLX,https://pe.olx.com.br/regiao-de-petrolina-e-garanhuns/imoveis/casa-a-venda-no-loteamento-colina-do-rio-1492181337
Descubra o seu novo lar em um **apartamento espetacular no Monte Everest**!,2300000.0,Centro,192.0,4,4,2,venda,OLX,https://pe.olx.com.br/regiao-de-petrolina-e-garanhuns/imoveis/descubra-o-seu-novo-lar-em-um-apartamento-espetacular-no-monte-everest-1491758071
Encante-se com esta belíssima casa localizada em um dos condomínios mais desejados de Petr,1150000.0,Centro,200.0,3,3,2,venda,OLX,https://pe.olx.com.br/regiao-de-petrolina-e-garanhuns/imoveis/encante-se-com-esta-belissima-casa-localizada-em-um-dos-condominios-mais-desejados-de-petr-1491718073
CASA ALTO PADRÃO NO BUONA VITA | 3 SUÍTES + PISCINA,1150000.0,Centro,200.0,4,3,2,venda,OLX,https://pe.olx.com.br/regiao-de-petrolina-e-garanhuns/imoveis/casa-alto-padrao-no-buona-vita-3-suites-piscina-1491215110
CASA 02 PAVIMENTOS PARA VENDA - CAMINHO DO SOL,850000.0,Areia Branca,450.0,,1,1,venda,OLX,https://pe.olx.com.br/regiao-de-petrolina-e-garanhuns/imoveis/casa-02-pavimentos-para-venda-caminho-do-sol-1490996125
"Casa à venda no Cond. Alphaville, 4 Suítes, Gourmet, Piscina, Petrolina",1700000.0,Boa Esperanca,191.0,4,4,,venda,OLX,https://pe.olx.com.br/regiao-de-petrolina-e-garanhuns/imoveis/casa-a-venda-no-cond-alphaville-4-suites-gourmet-piscina-petrolina-1490636010
Casa de Luxo à Venda na Orla de Petrolina com Piscina,1500000.0,Centro,200.0,4,5,4,venda,OLX,https://pe.olx.com.br/regiao-de-petrolina-e-garanhuns/imoveis/casa-de-luxo-a-venda-na-orla-de-petrolina-com-piscina-1490210819
"Casa de Luxo no Condomínio Eco Spa, Petrolina",1800000.0,Carneiro,231.0,5,4,4,venda,OLX,https://pe.olx.com.br/regiao-de-petrolina-e-garanhuns/imoveis/casa-de-luxo-no-condominio-eco-spa-petrolina-1490206404
Casa à venda com três quartos sendo uma suíte com closet em Petrolina,297000.0,Portal Da Cidade,156.0,3,2,2,venda,OLX,https://pe.olx.com.br/regiao-de-petrolina-e-garanhuns/imoveis/casa-a-venda-com-tres-quartos-sendo-uma-suite-com-closet-em-petrolina-1075057547
"Casa á venda no Cond. Summerville, 4 quartos, gourmet, piscina, Petrolina",2150000.0,,278.0,1,4,,venda,OLX,https://pe.olx.com.br/regiao-de-petrolina-e-garanhuns/imoveis/casa-a-venda-no-cond-summerville-4-quartos-gourmet-piscina-petrolina-1490046200
"Casa à venda no Cond. Alphaville, 3 suítes, piscina, gourmet, Petrolina-PE",1790000.0,Boa Esperanca,178.0,3,4,,venda,OLX,https://pe.olx.com.br/regiao-de-petrolina-e-garanhuns/imoveis/casa-a-venda-no-cond-alphaville-3-suites-piscina-gourmet-petrolina-pe-1490046202
Casa em Condomínio à venda!,847000.0,Cohab Massangano,146430.0,3,2,2,venda,OLX,https://pe.olx.com.br/regiao-de-petrolina-e-garanhuns/imoveis/casa-em-condominio-a-venda-1489983621
Condomínio Morada Real,370000.0,Jatoba,65.0,3,2,1,venda,OLX,https://pe.olx.com.br/regiao-de-petrolina-e-garanhuns/imoveis/condominio-morada-real-1489483839
Cosme e Damião,245000.0,Cosme E Damiao,70.0,3,2,1,venda,OLX,https://pe.olx.com.br/regiao-de-petrolina-e-garanhuns/imoveis/cosme-e-damiao-1489483838
Casa à venda com 4 quartos no Condomínio Sol Nascente - Petrolina/PE,2200000.0,Cidade Universitaria,240.0,4,3,2,venda,OLX,https://pe.olx.com.br/regiao-de-petrolina-e-garanhuns/imoveis/casa-a-venda-com-4-quartos-no-condominio-sol-nascente-petrolina-pe-1488766161
Casa à venda no Bairro Padre Cícero,440000.0,Cosme E Damiao,110.0,3,2,1,venda,OLX,https://pe.olx.com.br/regiao-de-petrolina-e-garanhuns/imoveis/casa-a-venda-no-bairro-padre-cicero-1488410663
"Casa à venda no Bairro Ouro Preto, 3 quartos, Nascente, Petrolina",380000.0,Antonio Cassimiro,100.0,1,2,,venda,OLX,https://pe.olx.com.br/regiao-de-petrolina-e-garanhuns/imoveis/casa-a-venda-no-bairro-ouro-preto-3-quartos-nascente-petrolina-1488407038
APARTAMENTO Á VENDA NO CONDOMÍNIO MORADA NOVA.,220000.0,Antonio Cassimiro,53.0,2,1,1,venda,OLX,https://pe.olx.com.br/regiao-de-petrolina-e-garanhuns/imoveis/apartamento-a-venda-no-condominio-morada-nova-1488262596
CASA DE ALTO PADRÃO - 03 SUITES - COND. ECO SPA,1500000.0,Carneiro,360.0,2,1,2,venda,OLX,https://pe.olx.com.br/regiao-de-petrolina-e-garanhuns/imoveis/casa-de-alto-padrao-03-suites-cond-eco-spa-1487848603
"Casa à venda, com 4 suítes, piscina, planejados no Alphaville Petrolina",2850000.0,Boa Esperanca,275.0,4,4,,venda,OLX,https://pe.olx.com.br/regiao-de-petrolina-e-garanhuns/imoveis/casa-a-venda-com-4-suites-piscina-planejados-no-alphaville-petrolina-1487680836
APARTAMENTO - CONDOMINIO PAULO COELHO - 02 QUARTOS,300000.0,Vila Moco,50.0,2,1,1,venda,OLX,https://pe.olx.com.br/regiao-de-petrolina-e-garanhuns/imoveis/apartamento-condominio-paulo-coelho-02-quartos-1487598484
"Casa á venda no Lot. Vila Nova I, 03 quartos sendo uma suíte, Petrolina-PE",260000.0,Loteamento Recife,69.0,2,2,,venda,OLX,https://pe.olx.com.br/regiao-de-petrolina-e-garanhuns/imoveis/casa-a-venda-no-lot-vila-nova-i-03-quartos-sendo-uma-suite-petrolina-pe-1487511952
"Casa à venda no Cond. Buona Vita, 4 suítes, gourmet, piscina, Petrolina-PE",1800000.0,Loteamento Recife,226.0,4,4,,venda,OLX,https://pe.olx.com.br/regiao-de-petrolina-e-garanhuns/imoveis/casa-a-venda-no-cond-buona-vita-4-suites-gourmet-piscina-petrolina-pe-1487511968
Condominio Buona Vita,1150000.0,Loteamento Recife,153.0,3,3,,venda,OLX,https://pe.olx.com.br/regiao-de-petrolina-e-garanhuns/imoveis/condominio-buona-vita-1486645927
Casa à venda no Condomínio Encontro das Águas - Petrolina/PE,1100000.0,Sao Jose,221.0,3,2,2,venda,OLX,https://pe.olx.com.br/regiao-de-petrolina-e-garanhuns/imoveis/casa-a-venda-no-condominio-encontro-das-aguas-petrolina-pe-1486538792
"Apartamento à venda com 2 vagas de garagem na Vila Mocó, Petrolina-PE. ",400000.0,Vila Moco,97.0,3,2,2,venda,OLX,https://pe.olx.com.br/regiao-de-petrolina-e-garanhuns/imoveis/apartamento-a-venda-com-2-vagas-de-garagem-na-vila-moco-petrolina-pe-1480626690
CASA PARA VENDA NO LOT. PADRE CICERO COM 04 SUITES,1200000.0,Dom Avelar,400.0,,1,5,venda,OLX,https://pe.olx.com.br/regiao-de-petrolina-e-garanhuns/imoveis/casa-para-venda-no-lot-padre-cicero-com-04-suites-1485816695
CASA 4/4 CONDOMINIO ALPHAVILLE,2500000.0,Centro,260.0,4,4,2,venda,OLX,https://pe.olx.com.br/regiao-de-petrolina-e-garanhuns/imoveis/casa-4-4-condominio-alphaville-1485690651
CASA PARA VENDA - EM LOTE DE 240 METROS - AVENIDA MONSENHOR,850000.0,,240.0,5,1,,venda,OLX,https://pe.olx.com.br/regiao-de-petrolina-e-garanhuns/imoveis/casa-para-venda-em-lote-de-240-metros-avenida-monsenhor-1485300764
Casa com 2 quartos a venda em rua asfaltada no Dom Avelar,279000.0,Antonio Cassimiro,80.0,2,2,1,venda,OLX,https://pe.olx.com.br/regiao-de-petrolina-e-garanhuns/imoveis/casa-com-2-quartos-a-venda-em-rua-asfaltada-no-dom-avelar-1165045167
DUPLEX PARA VENDA EM EXCELENTE LOCALIZAÇÃO - 03 QUARTOS - VILA EDUARDO,400000.0,Vila Eduardo,120.0,3,1,2,venda,OLX,https://pe.olx.com.br/regiao-de-petrolina-e-garanhuns/imoveis/duplex-para-venda-em-excelente-localizacao-03-quartos-vila-eduardo-1483043497
CASA COM 03 QUARTOS PARA VENDA - VILA EDUARDO,600000.0,Vila Eduardo,161.0,3,1,1,venda,OLX,https://pe.olx.com.br/regiao-de-petrolina-e-garanhuns/imoveis/casa-com-03-quartos-para-venda-vila-eduardo-1482663223
CASA PARA VENDA - 03 QUARTOS - QUATI,300000.0,,130.0,3,1,5,venda,OLX,https://pe.olx.com.br/regiao-de-petrolina-e-garanhuns/imoveis/casa-para-venda-03-quartos-quati-1482663228
CASA PARA VENDA - 03 QUARTOS - LOT. DOM AVELAR,295000.0,Dom Avelar,100.0,2,1,1,venda,OLX,https://pe.olx.com.br/regiao-de-petrolina-e-garanhuns/imoveis/casa-para-venda-03-quartos-lot-dom-avelar-1482663237
CASA COM 02 PAVIMENTOS PARA VENDA - CIDADE UNIVERSITARIA -,1490000.0,Cidade Universitaria,312.0,4,3,2,venda,OLX,https://pe.olx.com.br/regiao-de-petrolina-e-garanhuns/imoveis/casa-com-02-pavimentos-para-venda-cidade-universitaria-1482508429
CASA PARA VENDA 04 QUARTOS - CONDOMINIO SOL NASCENTE III,1550000.0,Cidade Universitaria,200.0,2,2,2,venda,OLX,https://pe.olx.com.br/regiao-de-petrolina-e-garanhuns/imoveis/casa-para-venda-04-quartos-condominio-sol-nascente-iii-1482508425
"Casa à venda no Bairro Padre Cicero, 3 quartos, Gourmet, Piscina, Petrolina-PE",500000.0,Dom Avelar,200.0,2,2,,venda,OLX,https://pe.olx.com.br/regiao-de-petrolina-e-garanhuns/imoveis/casa-a-venda-no-bairro-padre-cicero-3-quartos-gourmet-piscina-petrolina-pe-1482373845
"Casa à venda na Orla de Petrolina, 4 quartos, planejados",1050000.0,Atras Da Banca,210.0,2,3,,venda,OLX,https://pe.olx.com.br/regiao-de-petrolina-e-garanhuns/imoveis/casa-a-venda-na-orla-de-petrolina-4-quartos-planejados-1482372953
Condominio Sol Nacente,800000.0,Cidade Universitaria,140.0,3,3,2,venda,OLX,https://pe.olx.com.br/regiao-de-petrolina-e-garanhuns/imoveis/condominio-sol-nacente-1481888631
Casa em condomínio à venda no Sol Nascente 3,1550000.0,Cidade Universitaria,280.0,3,2,2,venda,OLX,https://pe.olx.com.br/regiao-de-petrolina-e-garanhuns/imoveis/casa-em-condominio-a-venda-no-sol-nascente-3-1481457637
Casa à venda no Loteamento Parque Petrolina,240000.0,Topazio,112.0,3,1,1,venda,OLX,https://pe.olx.com.br/regiao-de-petrolina-e-garanhuns/imoveis/casa-a-venda-no-loteamento-parque-petrolina-1481457631
Apartamento á venda no Condomínio Parque Jardim Colonial,249000.0,Maria Auxiliadora,63.0,3,1,1,venda,OLX,https://pe.olx.com.br/regiao-de-petrolina-e-garanhuns/imoveis/apartamento-a-venda-no-condominio-parque-jardim-colonial-1481010373
Condomínio Valle dos Coqueiros,265000.0,Cohab Sao Francisco,54.0,2,2,1,venda,OLX,https://pe.olx.com.br/regiao-de-petrolina-e-garanhuns/imoveis/condominio-valle-dos-coqueiros-1480882222
Edifício Monte Carlo,1850000.0,Atras Da Banca,185.0,4,5,1,venda,OLX,https://pe.olx.com.br/regiao-de-petrolina-e-garanhuns/imoveis/edificio-monte-carlo-1480882072
"Casa à venda no Cond. Valle Petrolina, 3 quartos, gourmet, piscina, Petrolina.",750000.0,Cohab Sao Francisco,180.0,2,3,,venda,OLX,https://pe.olx.com.br/regiao-de-petrolina-e-garanhuns/imoveis/casa-a-venda-no-cond-valle-petrolina-3-quartos-gourmet-piscina-petrolina-1480418480
"Casa à venda no Cond. Portal das Águas, 3 suítes com closet, lazer, Petrolina-PE",2690000.0,Centro,370.0,3,5,2,venda,OLX,https://pe.olx.com.br/regiao-de-petrolina-e-garanhuns/imoveis/casa-a-venda-no-cond-portal-das-aguas-3-suites-com-closet-lazer-petrolina-pe-1480418340
Vende-se casa nascente no Loteamento Boa Vista,265000.0,Henrique Leite,80.0,3,2,1,venda,OLX,https://pe.olx.com.br/regiao-de-petrolina-e-garanhuns/imoveis/vende-se-casa-nascente-no-loteamento-boa-vista-1480237505
"Casa com três quartos, sendo um uma suíte a venda no bairro Dom Avelar, em Petrolina.",280000.0,Dom Avelar,100.0,3,2,1,venda,OLX,https://pe.olx.com.br/regiao-de-petrolina-e-garanhuns/imoveis/casa-com-tres-quartos-sendo-um-uma-suite-a-venda-no-bairro-dom-avelar-em-petrolina-1480180225
Casa no condomínio Summerville | VENDA,2050000.0,Fernando Idalino,250.0,3,5,2,venda,OLX,https://pe.olx.com.br/regiao-de-petrolina-e-garanhuns/imoveis/casa-no-condominio-summerville-venda-1479371685
Apartamento Sofisticado com Varanda Gourmet e Vista Rio,1800000.0,Vila Eduardo,132.0,3,3,2,venda,OLX,https://pe.olx.com.br/regiao-de-petrolina-e-garanhuns/imoveis/apartamento-sofisticado-com-varanda-gourmet-e-vista-rio-1479371683
Apartamento à venda no Monte Guararapes,590000.0,Atras Da Banca,70.0,2,2,1,venda,OLX,https://pe.olx.com.br/regiao-de-petrolina-e-garanhuns/imoveis/apartamento-a-venda-no-monte-guararapes-1479371692
CASA COM PISCINA À VENDA EM CONDOMÍNIO DE ALTO PADRÃO,1185000.0,Boa Esperanca,191.0,4,1,2,venda,OLX,https://pe.olx.com.br/regiao-de-petrolina-e-garanhuns/imoveis/casa-com-piscina-venda-em-condominio-de-alto-padrao-1478541797
Casa com 3 quartos a venda no bairro Stela Márcia,420000.0,Dom Avelar,110.0,3,3,2,venda,OLX,https://pe.olx.com.br/regiao-de-petrolina-e-garanhuns/imoveis/casa-com-3-quartos-a-venda-no-bairro-stela-marcia-1332319666
Entrada parcelada +20mil de desconto no Lot Assenco,215000.0,Portal Da Cidade,100.0,2,1,1,venda,OLX,https://pe.olx.com.br/regiao-de-petrolina-e-garanhuns/imoveis/entrada-parcelada-20mil-de-desconto-no-lot-assenco-1477214837
Casa com 3 suítes para venda no Colinas do Rio - Petrolina/PE,650000.0,Sao Jose,147.0,3,3,2,venda,OLX,https://pe.olx.com.br/regiao-de-petrolina-e-garanhuns/imoveis/casa-com-3-suites-para-venda-no-colinas-do-rio-petrolina-pe-1476999001
"Casa à venda no bairro Vale do Grande Rio, 2 quartos, Petrolina",200000.0,Pedro Raimundo,63.0,2,2,,venda,OLX,https://pe.olx.com.br/regiao-de-petrolina-e-garanhuns/imoveis/casa-a-venda-no-bairro-vale-do-grande-rio-2-quartos-petrolina-1476912565
Apartamento no coração da cidade com 3 Quartos sendo 1 Suíte,640000.0,Centro,110.0,3,2,1,venda,OLX,https://pe.olx.com.br/regiao-de-petrolina-e-garanhuns/imoveis/apartamento-no-coracao-da-cidade-com-3-quartos-sendo-1-suite-1476912237
"Casa à venda no Lot. Vila Marília, 3 quartos, sendo 1 suíte, Petrolina-PE",240000.0,Ouro Preto,125.0,2,2,,venda,OLX,https://pe.olx.com.br/regiao-de-petrolina-e-garanhuns/imoveis/casa-a-venda-no-lot-vila-marilia-3-quartos-sendo-1-suite-petrolina-pe-1476588083
"Casa à venda no Bairro Dom Avelar, 3 quartos, sendo 1 suíte, Petrolina-PE",280000.0,Dom Avelar,73.0,2,1,,venda,OLX,https://pe.olx.com.br/regiao-de-petrolina-e-garanhuns/imoveis/casa-a-venda-no-bairro-dom-avelar-3-quartos-sendo-1-suite-petrolina-pe-1476588052
"Casa à venda no bairro Antônio Cassimiro, 3 quartos, gourmet, Petrolina-PE",500000.0,Antonio Cassimiro,115.0,2,2,,venda,OLX,https://pe.olx.com.br/regiao-de-petrolina-e-garanhuns/imoveis/casa-a-venda-no-bairro-antonio-cassimiro-3-quartos-gourmet-petrolina-pe-1476029023
"Casa nascente à venda no Bairro Antonio Cassimiro, 2 quartos, Petrolina-PE",240000.0,Antonio Cassimiro,100.0,2,1,,venda,OLX,https://pe.olx.com.br/regiao-de-petrolina-e-garanhuns/imoveis/casa-nascente-a-venda-no-bairro-antonio-cassimiro-2-quartos-petrolina-pe-1476028605
"Casa à venda no Cond. Alphaville, 4 suítes, gourmet, piscina, Petrolina",2350000.0,Boa Esperanca,260.0,4,5,,venda,OLX,https://pe.olx.com.br/regiao-de-petrolina-e-garanhuns/imoveis/casa-a-venda-no-cond-alphaville-4-suites-gourmet-piscina-petrolina-1475792616
"Casa à venda, Padre Cicero, 3 4, sendo um suíte PETROLINA - PE",460000.0,Dom Avelar,96.0,2,2,,venda,OLX,https://pe.olx.com.br/regiao-de-petrolina-e-garanhuns/imoveis/casa-a-venda-padre-cicero-3-4-sendo-um-suite-petrolina-pe-1475790533
FLATS NO VITAE PARA VENDA - CENTRO EMPRESARIAL MULTIUSO,415000.0,Vila Eduardo,23.0,1,1,1,venda,OLX,https://pe.olx.com.br/regiao-de-petrolina-e-garanhuns/imoveis/flats-no-vitae-para-venda-centro-empresarial-multiuso-1475775770
Casa Moderna e Desocupada em Petrolina - Ótimo Preço!,295000.0,Cohab Massangano,74.0,3,2,1,venda,OLX,https://pe.olx.com.br/regiao-de-petrolina-e-garanhuns/imoveis/casa-moderna-e-desocupada-em-petrolina-otimo-preco-1475569305
"Apartamento à venda no Cond. Morada dos Ipês, 2 quartos, planejados, Petrolina",400000.0,Cohab Massangano,55.0,1,2,,venda,OLX,https://pe.olx.com.br/regiao-de-petrolina-e-garanhuns/imoveis/apartamento-a-venda-no-cond-morada-dos-ipes-2-quartos-planejados-petrolina-1475229332
"Apartamento a venda com três quartos no Edifício José Mororó, Centro, Petrolina/PE",850000.0,Sao Jose,94.0,3,3,2,venda,OLX,https://pe.olx.com.br/regiao-de-petrolina-e-garanhuns/imoveis/apartamento-a-venda-com-tres-quartos-no-edificio-jose-mororo-centro-petrolina-pe-1475168784
"Casa à venda no Bairro Caminho do Sol, 4 quartos, 420m, Arborizado, Petrolina-PE",1890000.0,Caminho Do Sol,356.0,1,4,,venda,OLX,https://pe.olx.com.br/regiao-de-petrolina-e-garanhuns/imoveis/casa-a-venda-no-bairro-caminho-do-sol-4-quartos-420m-arborizado-petrolina-pe-1474915376
Casa à venda com suíter master e closet no Loteamento Recife - Petrolina/PE,310000.0,Sao Jose,74.0,3,2,1,venda,OLX,https://pe.olx.com.br/regiao-de-petrolina-e-garanhuns/imoveis/casa-a-venda-com-suiter-master-e-closet-no-loteamento-recife-petrolina-pe-1474733883
Casa à venda no bairro Santa Bárbara - Petrolina/PE,240000.0,Caminho Do Sol,100.0,3,2,1,venda,OLX,https://pe.olx.com.br/regiao-de-petrolina-e-garanhuns/imoveis/casa-a-venda-no-bairro-santa-barbara-petrolina-pe-1474438794
Casa para venda com 3 quartos e jardim de inverno no Dom Avelar - Petrolina/PE,245000.0,Dom Avelar,100.0,3,2,1,venda,OLX,https://pe.olx.com.br/regiao-de-petrolina-e-garanhuns/imoveis/casa-para-venda-com-3-quartos-e-jardim-de-inverno-no-dom-avelar-petrolina-pe-1474434760
Casa à Venda no Condomínio Buona Vita  Petrolina/PE,1150000.0,Loteamento Recife,145.0,3,3,2,venda,OLX,https://pe.olx.com.br/regiao-de-petrolina-e-garanhuns/imoveis/casa-a-venda-no-condominio-buona-vita-petrolina-pe-1474326512
Imóvel para venda com 180 metros quadrados com 3 quartos em Vila Eulália - Petrolina - PE,500000.0,Vila Eulalia,180.0,3,2,3,venda,OLX,https://pe.olx.com.br/regiao-de-petrolina-e-garanhuns/imoveis/imovel-para-venda-com-180-metros-quadrados-com-3-quartos-em-vila-eulalia-petrolina-pe-1474216833
Casa à venda no Condomínio Buona Vita,1800000.0,Loteamento Recife,220.0,4,5,2,venda,OLX,https://pe.olx.com.br/regiao-de-petrolina-e-garanhuns/imoveis/casa-a-venda-no-condominio-buona-vita-1473876114
"Venda de apartamento, 03 quartos, sendo 01 suíte, sala de estar e jantar",750000.0,Centro,94.0,2,2,,venda,OLX,https://pe.olx.com.br/regiao-de-petrolina-e-garanhuns/imoveis/venda-de-apartamento-03-quartos-sendo-01-suite-sala-de-estar-e-jantar-1473827707
Edifício Parque das Acácias,410000.0,Sao Jose,80.0,3,2,1,venda,OLX,https://pe.olx.com.br/regiao-de-petrolina-e-garanhuns/imoveis/edificio-parque-das-acacias-1473552345
Casa nova com 3 quartos no Vila Nova,270000.0,Loteamento Recife,70.0,3,2,,venda,OLX,https://pe.olx.com.br/regiao-de-petrolina-e-garanhuns/imoveis/casa-nova-com-3-quartos-no-vila-nova-1473281313
Condomínio Encontro das Águas,1100000.0,Cohab Sao Francisco,221.0,3,2,2,venda,OLX,https://pe.olx.com.br/regiao-de-petrolina-e-garanhuns/imoveis/condominio-encontro-das-aguas-1473252052
"Casa à venda no Alphaville, 4 suítes, gourmet, piscina, planejados, Petrolina",2970000.0,Boa Esperanca,285.0,4,4,,venda,OLX,https://pe.olx.com.br/regiao-de-petrolina-e-garanhuns/imoveis/casa-a-venda-no-alphaville-4-suites-gourmet-piscina-planejados-petrolina-1473217574
"Casa à venda, Parque Bandeirantes, 3 quartos, piscina, Petrolina-PE",730000.0,Atras Da Banca,190.0,2,3,,venda,OLX,https://pe.olx.com.br/regiao-de-petrolina-e-garanhuns/imoveis/casa-a-venda-parque-bandeirantes-3-quartos-piscina-petrolina-pe-1473217456
Casa - Venda- Petrolina- Pernambuco,270000.0,Vila Eulalia,100.0,1,2,,venda,OLX,https://pe.olx.com.br/regiao-de-petrolina-e-garanhuns/imoveis/casa-venda-petrolina-pernambuco-1472746337
"""Casa dos Sonhos em Topázio, Petrolina - Segurança 24h""",730000.0,Loteamento Recife,150.0,3,3,2,venda,OLX,https://pe.olx.com.br/regiao-de-petrolina-e-garanhuns/imoveis/casa-dos-sonhos-em-topazio-petrolina-seguranca-24h-1472746296
Espaço amplo com 3 quartos sendo uma Suite no Dom Avelar,440000.0,Dom Avelar,164.0,3,3,2,venda,OLX,https://pe.olx.com.br/regiao-de-petrolina-e-garanhuns/imoveis/espaco-amplo-com-3-quartos-sendo-uma-suite-no-dom-avelar-1472363212
Imóvel para venda possui 80 metros quadrados com 3 quartos em Jatobá - Petrolina - PE,250000.0,Boa Esperanca,80.0,3,2,1,venda,OLX,https://pe.olx.com.br/regiao-de-petrolina-e-garanhuns/imoveis/imovel-para-venda-possui-80-metros-quadrados-com-3-quartos-em-jatoba-petrolina-pe-1472109887
"Condomínio Buona Vita, Petrolina",1040000.0,Topazio,200.0,3,1,2,venda,OLX,https://pe.olx.com.br/regiao-de-petrolina-e-garanhuns/imoveis/condominio-buona-vita-petrolina-1471927166
"Casa à venda no Cond. Eco Spa, 3 quartos, gourmet, piscina, Petrolina",2090000.0,Carneiro,240.0,2,2,,venda,OLX,https://pe.olx.com.br/regiao-de-petrolina-e-garanhuns/imoveis/casa-a-venda-no-cond-eco-spa-3-quartos-gourmet-piscina-petrolina-1471808450
APARTAMENTO 03 QUARTOS PARA VENDA NO CENTRO- LOCALIZAÇÃO EXCELENTE,410000.0,,104.0,2,1,1,venda,OLX,https://pe.olx.com.br/regiao-de-petrolina-e-garanhuns/imoveis/apartamento-03-quartos-para-venda-no-centro-localizacao-excelente-1471222689
"Duplex à venda na Vila Mocó, 4 quartos, Gourmet, PETROLINA - PE",850000.0,Vila Moco,131.0,3,3,,venda,OLX,https://pe.olx.com.br/regiao-de-petrolina-e-garanhuns/imoveis/duplex-a-venda-na-vila-moco-4-quartos-gourmet-petrolina-pe-1470913092
"Duplex à venda na Vila Mocó, 4 quartos, Gourmet, PETROLINA - PE",790000.0,Vila Moco,136.0,3,3,,venda,OLX,https://pe.olx.com.br/regiao-de-petrolina-e-garanhuns/imoveis/duplex-a-venda-na-vila-moco-4-quartos-gourmet-petrolina-pe-1470911692
"Casa à venda no Lot. Geovana com 03 quartos, sendo 1 suíte, Petrolina-PE",550000.0,Henrique Leite,135.0,2,2,,venda,OLX,https://pe.olx.com.br/regiao-de-petrolina-e-garanhuns/imoveis/casa-a-venda-no-lot-geovana-com-03-quartos-sendo-1-suite-petrolina-pe-1469251523
"Casa à venda no Lot. Geovana com 03 quartos, sendo 1 suíte, Petrolina-PE",550000.0,Henrique Leite,135.0,2,2,2,venda,OLX,https://pe.olx.com.br/regiao-de-petrolina-e-garanhuns/imoveis/casa-a-venda-no-lot-geovana-com-03-quartos-sendo-1-suite-petrolina-pe-1469250643
"Casa à venda, Summerville, 3 suítes, gourmet, Petrolina-PE",2050000.0,,240.0,3,4,,venda,OLX,https://pe.olx.com.br/regiao-de-petrolina-e-garanhuns/imoveis/casa-a-venda-summerville-3-suites-gourmet-petrolina-pe-1466704235
Condomínio Colinas Bela Vista,1185000.0,Boa Esperanca,193.0,4,4,,venda,OLX,https://pe.olx.com.br/regiao-de-petrolina-e-garanhuns/imoveis/condominio-colinas-bela-vista-1468992036
Condomínio Colinas Bela Vista,1150000.0,Cohab Sao Francisco,191.0,4,4,,venda,OLX,https://pe.olx.com.br/regiao-de-petrolina-e-garanhuns/imoveis/condominio-colinas-bela-vista-1468982234
"Casa à venda no Bairro Caminho do Sol, 4 quartos, gourmet, piscina, Petrolina-PE",820000.0,Caminho Do Sol,300.0,3,3,,venda,OLX,https://pe.olx.com.br/regiao-de-petrolina-e-garanhuns/imoveis/casa-a-venda-no-bairro-caminho-do-sol-4-quartos-gourmet-piscina-petrolina-pe-1468626864
Casa para venda no Condomínio Campos do Conde - Petrolina/PE,900000.0,Sao Jose,220.0,3,3,2,venda,OLX,https://pe.olx.com.br/regiao-de-petrolina-e-garanhuns/imoveis/casa-para-venda-no-condominio-campos-do-conde-petrolina-pe-1468454473
"Casa à venda no Buona Vita com 3 suítes, gourmet, piscina, Petrolina-PE",1100000.0,Loteamento Recife,200.0,3,3,,venda,OLX,https://pe.olx.com.br/regiao-de-petrolina-e-garanhuns/imoveis/casa-a-venda-no-buona-vita-com-3-suites-gourmet-piscina-petrolina-pe-1467590071
"Casa à venda no Buona Vita, 3 quartos, gourmet com piscina, Petrolina-PE",1200000.0,Loteamento Recife,200.0,1,3,,venda,OLX,https://pe.olx.com.br/regiao-de-petrolina-e-garanhuns/imoveis/casa-a-venda-no-buona-vita-3-quartos-gourmet-com-piscina-petrolina-pe-1467588793
"Apartamento à venda, orla, 3 quartos, todos suítes, um com closet, vista Rio",2400000.0,Centro,180.0,3,3,,venda,OLX,https://pe.olx.com.br/regiao-de-petrolina-e-garanhuns/imoveis/apartamento-a-venda-orla-3-quartos-todos-suites-um-com-closet-vista-rio-1338909097
"Casa à venda no Alphaville com 4 suítes, gourmet, piscina, Petrolina-PE",2600000.0,Boa Esperanca,285.0,4,4,,venda,OLX,https://pe.olx.com.br/regiao-de-petrolina-e-garanhuns/imoveis/casa-a-venda-no-alphaville-com-4-suites-gourmet-piscina-petrolina-pe-1453983548
"Casa à venda no Eco Spa com terreno 580m, 280m na laje, piscina, Petrolina.",2850000.0,Centro,280.0,3,3,4,venda,OLX,https://pe.olx.com.br/regiao-de-petrolina-e-garanhuns/imoveis/casa-a-venda-no-eco-spa-com-terreno-580m-280m-na-laje-piscina-petrolina-1392035532
APARTAMENTO PARA VENDA NO CENTRO - 03 QUARTOS SENDO 01 SUITE - BEM LOCALIZADO,850000.0,Centro,94.0,2,1,2,venda,OLX,https://pe.olx.com.br/regiao-de-petrolina-e-garanhuns/imoveis/apartamento-para-venda-no-centro-03-quartos-sendo-01-suite-bem-localizado-1465765259
Casa de Alto Padrão Oportunidade Imperdível Vila Marcela,800000.0,Loteamento Recife,220.0,4,4,2,venda,OLX,https://pe.olx.com.br/regiao-de-petrolina-e-garanhuns/imoveis/casa-de-alto-padrao-oportunidade-imperdivel-vila-marcela-1465527988
"Casa à venda no bairro Maria Auxiliadora com 3 quartos, PETROLINA - PE",1500000.0,Maria Auxiliadora,129.0,2,2,,venda,OLX,https://pe.olx.com.br/regiao-de-petrolina-e-garanhuns/imoveis/casa-a-venda-no-bairro-maria-auxiliadora-com-3-quartos-petrolina-pe-1398750370
"Casa na Orla de Petrolina, 3 suítes, Piscina, Área gourmet, 2 salas",1550000.0,Centro,332.0,1,4,,venda,OLX,https://pe.olx.com.br/regiao-de-petrolina-e-garanhuns/imoveis/casa-na-orla-de-petrolina-3-suites-piscina-area-gourmet-2-salas-1316788740
"Apartamento à venda, orla, PETROLINA - PE",1600000.0,Centro,240.0,4,4,,venda,OLX,https://pe.olx.com.br/regiao-de-petrolina-e-garanhuns/imoveis/apartamento-a-venda-orla-petrolina-pe-1349044582
"Condomínio Eco Spa, 4 4, todos suítes, uma com closet, Piscina",1800000.0,Centro,347.0,4,5,,venda,OLX,https://pe.olx.com.br/regiao-de-petrolina-e-garanhuns/imoveis/condominio-eco-spa-4-4-todos-suites-uma-com-closet-piscina-1316788743
"Casa à venda no Cond. Sol Nascente Orla, 5 quartos, gourmet, Petrolina",2200000.0,Fernando Idalino,200.0,3,3,,venda,OLX,https://pe.olx.com.br/regiao-de-petrolina-e-garanhuns/imoveis/casa-a-venda-no-cond-sol-nascente-orla-5-quartos-gourmet-petrolina-1410075308
"Casa à venda no Cond. Água Viva, 3 quartos, gourmet, piscina, Petrolina",2100000.0,Pedra Do Bode,223.0,2,2,2,venda,OLX,https://pe.olx.com.br/regiao-de-petrolina-e-garanhuns/imoveis/casa-a-venda-no-cond-agua-viva-3-quartos-gourmet-piscina-petrolina-1328810941
"Casa à venda no Eco Spa, 4 quartos, gourmet, planejados, jardim, Petrolina-PE",2100000.0,Centro,285.0,1,4,,venda,OLX,https://pe.olx.com.br/regiao-de-petrolina-e-garanhuns/imoveis/casa-a-venda-no-eco-spa-4-quartos-gourmet-planejados-jardim-petrolina-pe-1453983370
"Casa a venda com três quartos, sendo um suíte com closet, no bairro Jardim Amazonas.",290000.0,Jardim Amazonas,120.0,3,2,1,venda,OLX,https://pe.olx.com.br/regiao-de-petrolina-e-garanhuns/imoveis/casa-a-venda-com-tres-quartos-sendo-um-suite-com-closet-no-bairro-jardim-amazonas-1464515480
"Casa à venda no Colina do Rio, 3 suítes, gourmet com churrasqueira, Petrolina-PE",445000.0,Cohab Sao Francisco,137.0,3,3,,venda,OLX,https://pe.olx.com.br/regiao-de-petrolina-e-garanhuns/imoveis/casa-a-venda-no-colina-do-rio-3-suites-gourmet-com-churrasqueira-petrolina-pe-1463422571
"Casa à venda no Colina do Rio, 3 suítes, gourmet com churrasqueira, Petrolina-PE",450000.0,Cohab Sao Francisco,131.0,3,3,,venda,OLX,https://pe.olx.com.br/regiao-de-petrolina-e-garanhuns/imoveis/casa-a-venda-no-colina-do-rio-3-suites-gourmet-com-churrasqueira-petrolina-pe-1463421572
APARTAMENTO PARA VENDA 03 QUARTOS- VILA MOCO - NASCENTE,460000.0,Vila Moco,137.0,2,1,,venda,OLX,https://pe.olx.com.br/regiao-de-petrolina-e-garanhuns/imoveis/apartamento-para-venda-03-quartos-vila-moco-nascente-1463315701
CONDOMÍNIO ELEVATTO DA JOTANUNES!,236400.0,Antonio Cassimiro,42.0,2,1,1,venda,OLX,https://pe.olx.com.br/regiao-de-petrolina-e-garanhuns/imoveis/condominio-elevatto-da-jotanunes-1463281520
REPASSE - APARTAMENTO PARA VENDA 2 QUARTOS - CONDOMINIO VALE DOS COQUEIROS,280000.0,Cohab Sao Francisco,55.0,2,1,1,venda,OLX,https://pe.olx.com.br/regiao-de-petrolina-e-garanhuns/imoveis/repasse-apartamento-para-venda-2-quartos-condominio-vale-dos-coqueiros-1462997974
"Casa à venda no Con. Summerville 3 quartos, sendo 01 suíte, closet e banheira",2700000.0,,330.0,2,2,,venda,OLX,https://pe.olx.com.br/regiao-de-petrolina-e-garanhuns/imoveis/casa-a-venda-no-con-summerville-3-quartos-sendo-01-suite-closet-e-banheira-1462974780
"Casa à venda no Cond Alphaville Petrolina, 4 suítes, Closets, Gourmet, Piscina",2400000.0,Boa Esperanca,290.0,4,5,,venda,OLX,https://pe.olx.com.br/regiao-de-petrolina-e-garanhuns/imoveis/casa-a-venda-no-cond-alphaville-petrolina-4-suites-closets-gourmet-piscina-1316789486
"Casa à venda no Sol Nascente Etapas, 4 quartos, piscina, planejados, Petrolina",2500000.0,Cidade Universitaria,380.0,1,3,,venda,OLX,https://pe.olx.com.br/regiao-de-petrolina-e-garanhuns/imoveis/casa-a-venda-no-sol-nascente-etapas-4-quartos-piscina-planejados-petrolina-1445721735
"Casa à venda no Con. Eco Spa , 4 suítes, gourmet, piscina, Petrolina-PE",2190000.0,Carneiro,570.0,4,4,4,venda,OLX,https://pe.olx.com.br/regiao-de-petrolina-e-garanhuns/imoveis/casa-a-venda-no-con-eco-spa-4-suites-gourmet-piscina-petrolina-pe-1460647483
"Casa à venda no Caminho do Sol, 3 quartos, Planejados, Petrolina-PE",520000.0,Caminho Do Sol,130.0,2,2,,venda,OLX,https://pe.olx.com.br/regiao-de-petrolina-e-garanhuns/imoveis/casa-a-venda-no-caminho-do-sol-3-quartos-planejados-petrolina-pe-1460314700
"Casa à venda, Cond. Portal das Águas, 3 suítes com closet, piscina, Petrolina",3400000.0,Centro,450.0,3,3,3,venda,OLX,https://pe.olx.com.br/regiao-de-petrolina-e-garanhuns/imoveis/casa-a-venda-cond-portal-das-aguas-3-suites-com-closet-piscina-petrolina-1316791532
"Casa à venda no Alphaville com 4 suítes, gourmet, piscina, PETROLINA - PE",2390000.0,Boa Esperanca,240.0,4,4,,venda,OLX,https://pe.olx.com.br/regiao-de-petrolina-e-garanhuns/imoveis/casa-a-venda-no-alphaville-com-4-suites-gourmet-piscina-petrolina-pe-1459856765
Imóvel para venda possui 165 metros quadrados com 3 quartos em Boa Vista - Recife - PE,850000.0,Topazio,165.0,3,4,2,venda,OLX,https://pe.olx.com.br/regiao-de-petrolina-e-garanhuns/imoveis/imovel-para-venda-possui-165-metros-quadrados-com-3-quartos-em-boa-vista-recife-pe-1459554112
Apartamento à venda com três quartos na orla de Petrolina,1450000.0,Centro,138.0,2,3,2,venda,OLX,https://pe.olx.com.br/regiao-de-petrolina-e-garanhuns/imoveis/apartamento-a-venda-com-tres-quartos-na-orla-de-petrolina-1459030278
Imóvel para venda possui 80 metros quadrados com 2 quartos em Jardim São Paulo - Petrolina,270000.0,Jardim Sao Paulo,80.0,2,1,1,venda,OLX,https://pe.olx.com.br/regiao-de-petrolina-e-garanhuns/imoveis/imovel-para-venda-possui-80-metros-quadrados-com-2-quartos-em-jardim-sao-paulo-petrolina-1458728440
 Apartamento à venda com 2 quartos na Avenida da integração Petrolina,590000.0,Vila Eduardo,64.0,2,1,1,venda,OLX,https://pe.olx.com.br/regiao-de-petrolina-e-garanhuns/imoveis/apartamento-a-venda-com-2-quartos-na-avenida-da-integracao-petrolina-1458293742
"Casa à venda no Sol Nascente Orla com 4 suítes, gourmet, piscina, PETROLINA",1800000.0,Fernando Idalino,232.0,2,4,,venda,OLX,https://pe.olx.com.br/regiao-de-petrolina-e-garanhuns/imoveis/casa-a-venda-no-sol-nascente-orla-com-4-suites-gourmet-piscina-petrolina-1409892136
"Apartamento à venda no Edf. Chateau Lafite, Orla, O3 quartos, PETROLINA - PE",1550000.0,Sao Jose,135.0,2,2,,venda,OLX,https://pe.olx.com.br/regiao-de-petrolina-e-garanhuns/imoveis/apartamento-a-venda-no-edf-chateau-lafite-orla-o3-quartos-petrolina-pe-1416835374
"Casa à venda no Buona Vita com 4 suítes, gourmet, 2 pavimentos, PETROLINA - PE",1300000.0,Loteamento Recife,200.0,4,3,,venda,OLX,https://pe.olx.com.br/regiao-de-petrolina-e-garanhuns/imoveis/casa-a-venda-no-buona-vita-com-4-suites-gourmet-2-pavimentos-petrolina-pe-1419848749
APARTAMENTO PARA VENDA 04 QUARTOS - CAMINHO DO SOL,495000.0,Caminho Do Sol,163.0,2,2,2,venda,OLX,https://pe.olx.com.br/regiao-de-petrolina-e-garanhuns/imoveis/apartamento-para-venda-04-quartos-caminho-do-sol-1457956726
"Cobertura à venda no Edifício, Centro de Petrolina, 3 quartos, gourmet",1100000.0,Centro,200.0,2,2,,venda,OLX,https://pe.olx.com.br/regiao-de-petrolina-e-garanhuns/imoveis/cobertura-a-venda-no-edificio-centro-de-petrolina-3-quartos-gourmet-1457784132
Casa com 3 quartos à venda no bairro Dom Avelar em Petrolina,260000.0,Dom Avelar,100.0,3,2,1,venda,OLX,https://pe.olx.com.br/regiao-de-petrolina-e-garanhuns/imoveis/casa-com-3-quartos-a-venda-no-bairro-dom-avelar-em-petrolina-1457703157
"Apartamento à venda no Ed Monte Olimpo, 2 quartos, Petrolina-PE",560000.0,Centro,70.0,2,2,,venda,OLX,https://pe.olx.com.br/regiao-de-petrolina-e-garanhuns/imoveis/apartamento-a-venda-no-ed-monte-olimpo-2-quartos-petrolina-pe-1457348690
Imóvel para venda com 130 metros quadrados com 3 quartos em Centro - Petrolina - PE,520000.0,Centro,130.0,3,2,1,venda,OLX,https://pe.olx.com.br/regiao-de-petrolina-e-garanhuns/imoveis/imovel-para-venda-com-130-metros-quadrados-com-3-quartos-em-centro-petrolina-pe-1457297812
Casa à venda na Cohab São Francisco,445000.0,Cohab Sao Francisco,137.0,3,4,2,venda,OLX,https://pe.olx.com.br/regiao-de-petrolina-e-garanhuns/imoveis/casa-a-venda-na-cohab-sao-francisco-1457161010
Apartamento à venda com três quartos no bairro São José em Petrolina,895000.0,Vila Eduardo,150.0,3,2,1,venda,OLX,https://pe.olx.com.br/regiao-de-petrolina-e-garanhuns/imoveis/apartamento-a-venda-com-tres-quartos-no-bairro-sao-jose-em-petrolina-1456301315
Casa à venda no Condomínio Colinas Bella Vista,1185000.0,Boa Esperanca,189.0,4,5,3,venda,OLX,https://pe.olx.com.br/regiao-de-petrolina-e-garanhuns/imoveis/casa-a-venda-no-condominio-colinas-bella-vista-1455666490
Ouro Preto (Loteamento Alto Grande),230000.0,Ouro Preto,70.0,3,2,1,venda,OLX,https://pe.olx.com.br/regiao-de-petrolina-e-garanhuns/imoveis/ouro-preto-loteamento-alto-grande-1455265586
"Casa à venda, orla, 6 quartos, sendo 2 suítes, piscina com cascata, gourmet",4200000.0,Centro,370.0,4,4,,venda,OLX,https://pe.olx.com.br/regiao-de-petrolina-e-garanhuns/imoveis/casa-a-venda-orla-6-quartos-sendo-2-suites-piscina-com-cascata-gourmet-1316791569
"Casa, Cod. Sol Nascente Etapas com 5 4, sendo 03 suítes, 02 com closet",2100000.0,Cidade Universitaria,260.0,2,4,,venda,OLX,https://pe.olx.com.br/regiao-de-petrolina-e-garanhuns/imoveis/casa-cod-sol-nascente-etapas-com-5-4-sendo-03-suites-02-com-closet-1316788746
CASA PARA VENDA 03 QUARTOS- COLINAS DO RIO - COM PISCINA,600000.0,Cohab Sao Francisco,200.0,2,1,,venda,OLX,https://pe.olx.com.br/regiao-de-petrolina-e-garanhuns/imoveis/casa-para-venda-03-quartos-colinas-do-rio-com-piscina-1454048053
Edifício Saint Michele,1000000.0,Centro,84.0,3,2,1,venda,OLX,https://pe.olx.com.br/regiao-de-petrolina-e-garanhuns/imoveis/edificio-saint-michele-1453877736
Edifício Monte Sinai,650000.0,Atras Da Banca,115.0,3,2,2,venda,OLX,https://pe.olx.com.br/regiao-de-petrolina-e-garanhuns/imoveis/edificio-monte-sinai-1453868262
Edifício Saint Michele,895000.0,Centro,84.0,3,2,1,venda,OLX,https://pe.olx.com.br/regiao-de-petrolina-e-garanhuns/imoveis/edificio-saint-michele-1453868232
Apartamento amplo e sofisticado à venda na orla de Petrolina no Ed. Chateau Lafite,1450000.0,Centro,134.0,3,3,2,venda,OLX,https://pe.olx.com.br/regiao-de-petrolina-e-garanhuns/imoveis/apartamento-amplo-e-sofisticado-a-venda-na-orla-de-petrolina-no-ed-chateau-lafite-1453316835
"Luxo e Sofisticação, casa de alto padrão no condomínio Summerville | Venda",2050000.0,Fernando Idalino,250.0,3,5,2,venda,OLX,https://pe.olx.com.br/regiao-de-petrolina-e-garanhuns/imoveis/luxo-e-sofisticacao-casa-de-alto-padrao-no-condominio-summerville-venda-1453316834
Condomínio Sol Nacente II,1700000.0,Vila Eduardo,289.0,4,5,2,venda,OLX,https://pe.olx.com.br/regiao-de-petrolina-e-garanhuns/imoveis/condominio-sol-nacente-ii-1453185935
Imóvel para venda com 148 metros quadrados com 3 quartos em Topázio - Petrolina - PE,730000.0,Topazio,148.0,3,4,2,venda,OLX,https://pe.olx.com.br/regiao-de-petrolina-e-garanhuns/imoveis/imovel-para-venda-com-148-metros-quadrados-com-3-quartos-em-topazio-petrolina-pe-1452471095
"Casa luxuosa no Condomínio Eco Spa, Petrolina/PE",2190000.0,Carneiro,257.0,4,4,5,venda,OLX,https://pe.olx.com.br/regiao-de-petrolina-e-garanhuns/imoveis/casa-luxuosa-no-condominio-eco-spa-petrolina-pe-1451943541
Imóvel para venda tem 75 metros quadrados com 3 quartos em Centro - Petrolina - PE,380000.0,Centro,75.0,3,2,1,venda,OLX,https://pe.olx.com.br/regiao-de-petrolina-e-garanhuns/imoveis/imovel-para-venda-tem-75-metros-quadrados-com-3-quartos-em-centro-petrolina-pe-1451736569
Casa à venda no Bairro Padre José de Castro  Petrolina PE,420000.0,Loteamento Recife,120.0,3,2,4,venda,OLX,https://pe.olx.com.br/regiao-de-petrolina-e-garanhuns/imoveis/casa-a-venda-no-bairro-padre-jose-de-castro-petrolina-pe-1451734894
"Casa, Cond. Água Viva, Piscina, Gourmet com churrasqueira, 4 4, sendo 2 suítes",1990000.0,Pedra Do Bode,220.0,2,3,,venda,OLX,https://pe.olx.com.br/regiao-de-petrolina-e-garanhuns/imoveis/casa-cond-agua-viva-piscina-gourmet-com-churrasqueira-4-4-sendo-2-suites-1316788903
"Casa, Condominio Água Viva, 3/4 sendo 02 suítes, Terreno 15x30",2100000.0,Centro,200.0,3,3,2,venda,OLX,https://pe.olx.com.br/regiao-de-petrolina-e-garanhuns/imoveis/casa-condominio-agua-viva-3-4-sendo-02-suites-terreno-15x30-1316788695
"Mansão Connecte no Alphaville | Modernidade, Amplitude e Conforto Total",2970000.0,Boa Esperanca,319.0,5,5,2,venda,OLX,https://pe.olx.com.br/regiao-de-petrolina-e-garanhuns/imoveis/mansao-connecte-no-alphaville-modernidade-amplitude-e-conforto-total-1451616036
Edidício Premium Residence,570000.0,Sao Jose,10.0,2,1,2,venda,OLX,https://pe.olx.com.br/regiao-de-petrolina-e-garanhuns/imoveis/edidicio-premium-residence-1451509881
Padre Cícero,400000.0,Dom Avelar,120.0,3,2,1,venda,OLX,https://pe.olx.com.br/regiao-de-petrolina-e-garanhuns/imoveis/padre-cicero-1451509497
Casa com 5 quartos a venda com Localização privilegiada na Vila Eduardo,700000.0,Vila Eduardo,200.0,5,3,2,venda,OLX,https://pe.olx.com.br/regiao-de-petrolina-e-garanhuns/imoveis/casa-com-5-quartos-a-venda-com-localizacao-privilegiada-na-vila-eduardo-1451327399
CASA À VENDA | 4 suítes | 3 c/ closet | 5 bwc I 3 vagas | Cond Colinas Bella Vista,1185000.0,Centro,189.0,4,5,3,venda,OLX,https://pe.olx.com.br/regiao-de-petrolina-e-garanhuns/imoveis/casa-venda-4-suites-3-c-closet-5-bwc-i-3-vagas-cond-colinas-bella-vista-1451263846
CASA À VENDA | 03 suítes | 02 vagas | Cond Colinas Bella Vista,1100000.0,Centro,171.0,3,4,2,venda,OLX,https://pe.olx.com.br/regiao-de-petrolina-e-garanhuns/imoveis/casa-venda-03-suites-02-vagas-cond-colinas-bella-vista-1451262040
Casa à venda no bairro Dom Avelar - Petrolina/BA,230000.0,Centro,100.0,3,2,2,venda,OLX,https://pe.olx.com.br/regiao-de-petrolina-e-garanhuns/imoveis/casa-a-venda-no-bairro-dom-avelar-petrolina-ba-1449850941
Casa com 03 suítes à Venda no Bairro Colinas do Rio,650000.0,Cohab Sao Francisco,200.0,3,3,2,venda,OLX,https://pe.olx.com.br/regiao-de-petrolina-e-garanhuns/imoveis/casa-com-03-suites-a-venda-no-bairro-colinas-do-rio-1449844874
Padre Cicero,600000.0,Dom Avelar,240.0,4,4,4,venda,OLX,https://pe.olx.com.br/regiao-de-petrolina-e-garanhuns/imoveis/padre-cicero-1449279623
"Casa à venda no Bairro Padre José de Castro, 03 suítes, piscina, Petrolina-PE",610000.0,Loteamento Recife,143.0,3,3,,venda,OLX,https://pe.olx.com.br/regiao-de-petrolina-e-garanhuns/imoveis/casa-a-venda-no-bairro-padre-jose-de-castro-03-suites-piscina-petrolina-pe-1449152691
"Duplex à venda no KM2 com 3 quartos, sendo 01 suíte, Área gourmet, Petrolina-PE",470000.0,Km-2,100.0,2,2,,venda,OLX,https://pe.olx.com.br/regiao-de-petrolina-e-garanhuns/imoveis/duplex-a-venda-no-km2-com-3-quartos-sendo-01-suite-area-gourmet-petrolina-pe-1449152639
CASA AMPLA PARA VENDA NO BAIRRO COHAB MASSANGANO - PETROLINA/PE,580000.0,Cohab Massangano,200.0,2,1,2,venda,OLX,https://pe.olx.com.br/regiao-de-petrolina-e-garanhuns/imoveis/casa-ampla-para-venda-no-bairro-cohab-massangano-petrolina-pe-1448507311
"Apartamento no Edifício Rio Paracatu, no centro de Petrolina, localizado no 1º andar, com ",600000.0,Centro,116.0,3,3,1,venda,OLX,https://pe.olx.com.br/regiao-de-petrolina-e-garanhuns/imoveis/apartamento-no-edificio-rio-paracatu-no-centro-de-petrolina-localizado-no-1-andar-com-1448146932
"Apartamento Edifício Chateau Du Souzy, Orla Petrolina",2200000.0,Centro,186.0,3,4,2,venda,OLX,https://pe.olx.com.br/regiao-de-petrolina-e-garanhuns/imoveis/apartamento-edificio-chateau-du-souzy-orla-petrolina-1447986235
"Apartamento disponível para venda, Edifício Palmeira Imperial, Orla de Petrolina",4500000.0,Vila Eduardo,300.0,4,5,4,venda,OLX,https://pe.olx.com.br/regiao-de-petrolina-e-garanhuns/imoveis/apartamento-disponivel-para-venda-edificio-palmeira-imperial-orla-de-petrolina-1447986153
"Apartamento Cobertura, Orla de Petrolina",6200000.0,Centro,428.0,4,5,4,venda,OLX,https://pe.olx.com.br/regiao-de-petrolina-e-garanhuns/imoveis/apartamento-cobertura-orla-de-petrolina-1447986154
"Casa no Parque Massangano com piscina, 3 quartos (sendo 1 suíte) e espaço ideal para ponto",600000.0,Cohab Massangano,200.0,2,1,1,venda,OLX,https://pe.olx.com.br/regiao-de-petrolina-e-garanhuns/imoveis/casa-no-parque-massangano-com-piscina-3-quartos-sendo-1-suite-e-espaco-ideal-para-ponto-1447744226
Padre José de Castro,225000.0,Loteamento Recife,68.0,3,1,1,venda,OLX,https://pe.olx.com.br/regiao-de-petrolina-e-garanhuns/imoveis/padre-jose-de-castro-1446915029
Casa no Portal da Cidade (Loteamento Assenco),350000.0,Portal Da Cidade,285.0,3,2,1,venda,OLX,https://pe.olx.com.br/regiao-de-petrolina-e-garanhuns/imoveis/casa-no-portal-da-cidade-loteamento-assenco-1443632453
Padre José de Castro,265000.0,Dom Avelar,100.0,3,2,1,venda,OLX,https://pe.olx.com.br/regiao-de-petrolina-e-garanhuns/imoveis/padre-jose-de-castro-1445632533
"Casa à venda no Alphaville com 4 suítes, Gourmet com piscina, PETROLINA - PE",2800000.0,Boa Esperanca,289.0,4,4,,venda,OLX,https://pe.olx.com.br/regiao-de-petrolina-e-garanhuns/imoveis/casa-a-venda-no-alphaville-com-4-suites-gourmet-com-piscina-petrolina-pe-1394154553
Apartamento Edificio Esmeralda,600000.0,Centro,10.0,3,2,,venda,OLX,https://pe.olx.com.br/regiao-de-petrolina-e-garanhuns/imoveis/apartamento-edificio-esmeralda-1444727011
"Casa esquina à venda no Padre Cícero, 3 quartos, Petrolina-PE",320000.0,Dom Avelar,96.0,2,2,,venda,OLX,https://pe.olx.com.br/regiao-de-petrolina-e-garanhuns/imoveis/casa-esquina-a-venda-no-padre-cicero-3-quartos-petrolina-pe-1444440220
"Casa à venda, Padre Cicero, 3 quartos, Área gourmet, Petrolina PE",320000.0,Dom Avelar,76.0,2,2,,venda,OLX,https://pe.olx.com.br/regiao-de-petrolina-e-garanhuns/imoveis/casa-a-venda-padre-cicero-3-quartos-area-gourmet-petrolina-pe-1444439840
"Casa à venda no bairro Ouro Preto, 3 quartos, sendo 1 suíte, Petrolina-PE",230000.0,Ouro Preto,70.0,2,2,,venda,OLX,https://pe.olx.com.br/regiao-de-petrolina-e-garanhuns/imoveis/casa-a-venda-no-bairro-ouro-preto-3-quartos-sendo-1-suite-petrolina-pe-1444439842
Cohab São Franciso,410000.0,Cohab Sao Francisco,200.0,3,2,2,venda,OLX,https://pe.olx.com.br/regiao-de-petrolina-e-garanhuns/imoveis/cohab-sao-franciso-1443822922
"Casa á venda no Bairro Padre José de Castro, 3 quartos, Petrolina-PE",225000.0,Loteamento Recife,70.0,2,2,,venda,OLX,https://pe.olx.com.br/regiao-de-petrolina-e-garanhuns/imoveis/casa-a-venda-no-bairro-padre-jose-de-castro-3-quartos-petrolina-pe-1443413150
"Casa à venda com 3 quartos no Bairro Padre José de Castro, Petrolina-PE",225000.0,Loteamento Recife,68.0,3,1,,venda,OLX,https://pe.olx.com.br/regiao-de-petrolina-e-garanhuns/imoveis/casa-a-venda-com-3-quartos-no-bairro-padre-jose-de-castro-petrolina-pe-1443413000
"Casa à venda no Bairro Pedro Raimundo com 2 quartos, Petrolina-PE",180000.0,Vale Grande Rio,45.0,2,1,,venda,OLX,https://pe.olx.com.br/regiao-de-petrolina-e-garanhuns/imoveis/casa-a-venda-no-bairro-pedro-raimundo-com-2-quartos-petrolina-pe-1443410227
"Casa à venda no Summerville, 4 quartos 03 suítes Jardim, Gourmet, Petrolina-PE",1700000.0,,230.0,3,4,,venda,OLX,https://pe.olx.com.br/regiao-de-petrolina-e-garanhuns/imoveis/casa-a-venda-no-summerville-4-quartos-03-suites-jardim-gourmet-petrolina-pe-1316788621
Caminho do Sol,4100000.0,Caminho Do Sol,1360.0,5,5,2,venda,OLX,https://pe.olx.com.br/regiao-de-petrolina-e-garanhuns/imoveis/caminho-do-sol-1443176603
Casa à venda no Dom Avelar,450000.0,Dom Avelar,200.0,3,2,2,venda,OLX,https://pe.olx.com.br/regiao-de-petrolina-e-garanhuns/imoveis/casa-a-venda-no-dom-avelar-1437718268
Casa no Loteamento Vale Dourado,350000.0,Joao De Deus,200.0,3,2,2,venda,OLX,https://pe.olx.com.br/regiao-de-petrolina-e-garanhuns/imoveis/casa-no-loteamento-vale-dourado-1380066117
Apartamento com ótima localização no Bairro São José....,540000.0,Sao Jose,94.0,3,1,1,venda,OLX,https://pe.olx.com.br/regiao-de-petrolina-e-garanhuns/imoveis/apartamento-com-otima-localizacao-no-bairro-sao-jose-1442822195
Loteamento Boa Vista,300000.0,Jatoba,80.0,3,2,2,venda,OLX,https://pe.olx.com.br/regiao-de-petrolina-e-garanhuns/imoveis/loteamento-boa-vista-1442579867
Dom Avelar,200000.0,Dom Avelar,100.0,3,2,1,venda,OLX,https://pe.olx.com.br/regiao-de-petrolina-e-garanhuns/imoveis/dom-avelar-1442179853
Apartamento à venda no Edifício Mont Everest,2220000.0,Atras Da Banca,192.0,4,5,2,venda,OLX,https://pe.olx.com.br/regiao-de-petrolina-e-garanhuns/imoveis/apartamento-a-venda-no-edificio-mont-everest-1442146486
"""Casa dos seus sonhos em Petrolina""",210000.0,Joao De Deus,63.0,3,1,1,venda,OLX,https://pe.olx.com.br/regiao-de-petrolina-e-garanhuns/imoveis/casa-dos-seus-sonhos-em-petrolina-1441834974
Loteamento Recife,650000.0,Loteamento Recife,161.0,3,3,2,venda,OLX,https://pe.olx.com.br/regiao-de-petrolina-e-garanhuns/imoveis/loteamento-recife-1440974297
Casa à venda no bairro Antônio Cassimiro em Petrolina,500000.0,Antonio Cassimiro,80.0,3,2,2,venda,OLX,https://pe.olx.com.br/regiao-de-petrolina-e-garanhuns/imoveis/casa-a-venda-no-bairro-antonio-cassimiro-em-petrolina-1440405918
Loteamento Vale do Grande Rio,210000.0,Pedro Raimundo,104.0,2,1,2,venda,OLX,https://pe.olx.com.br/regiao-de-petrolina-e-garanhuns/imoveis/loteamento-vale-do-grande-rio-1440038706
Apartamento com três quartos à venda  116m na orla de Petrolina,550000.0,Centro,116.0,3,2,,venda,OLX,https://pe.olx.com.br/regiao-de-petrolina-e-garanhuns/imoveis/apartamento-com-tres-quartos-a-venda-116m-na-orla-de-petrolina-1391464638
Apartamento nascente á venda com 2 quartos prox. a orla de Petrolina - PE ,470000.0,Atras Da Banca,64.0,2,2,1,venda,OLX,https://pe.olx.com.br/regiao-de-petrolina-e-garanhuns/imoveis/apartamento-nascente-a-venda-com-2-quartos-prox-a-orla-de-petrolina-pe-1208965613
Condomínio Sol Nascente Orla,2000000.0,Fernando Idalino,200.0,4,4,2,venda,OLX,https://pe.olx.com.br/regiao-de-petrolina-e-garanhuns/imoveis/condominio-sol-nascente-orla-1437948459
Condomínio Vivendas do Rio,850000.0,Jatoba,10.0,2,2,1,venda,OLX,https://pe.olx.com.br/regiao-de-petrolina-e-garanhuns/imoveis/condominio-vivendas-do-rio-1437942774
Casa no bairro Boa Vista,280000.0,Henrique Leite,70.0,3,2,1,venda,OLX,https://pe.olx.com.br/regiao-de-petrolina-e-garanhuns/imoveis/casa-no-bairro-boa-vista-1437886630
CASA DE ALTO PADRÃO - 03 QUARTOS - CONDOMINIO BUONA VITA,1500000.0,Boa Esperanca,200.0,1,1,1,venda,OLX,https://pe.olx.com.br/regiao-de-petrolina-e-garanhuns/imoveis/casa-de-alto-padrao-03-quartos-condominio-buona-vita-1436017822
Dom Avelar,250000.0,Dom Avelar,10.0,3,2,2,venda,OLX,https://pe.olx.com.br/regiao-de-petrolina-e-garanhuns/imoveis/dom-avelar-1435354153
Loteamento Recife,410000.0,Loteamento Recife,10.0,3,2,2,venda,OLX,https://pe.olx.com.br/regiao-de-petrolina-e-garanhuns/imoveis/loteamento-recife-1435316455
Casa para venda na Cohab São Francisco - Petrolina/PE,270000.0,Cohab Sao Francisco,144.0,3,2,2,venda,OLX,https://pe.olx.com.br/regiao-de-petrolina-e-garanhuns/imoveis/casa-para-venda-na-cohab-sao-francisco-petrolina-pe-1341359247
Condomínio Sol Nascente Orla,1450000.0,Fernando Idalino,140.0,3,3,1,venda,OLX,https://pe.olx.com.br/regiao-de-petrolina-e-garanhuns/imoveis/condominio-sol-nascente-orla-1433843066
Parque Petrolina,240000.0,Topazio,128.0,2,1,2,venda,OLX,https://pe.olx.com.br/regiao-de-petrolina-e-garanhuns/imoveis/parque-petrolina-1433723307
Vila Eduardo,750000.0,Vila Eduardo,133.0,3,4,1,venda,OLX,https://pe.olx.com.br/regiao-de-petrolina-e-garanhuns/imoveis/vila-eduardo-1433723295
"Chácara à venda no Cond. Beira Rio com piscina, parte infantil, Petrolina-PE",530000.0,Serrote Do Urubu,1000.0,1,3,,venda,OLX,https://pe.olx.com.br/regiao-de-petrolina-e-garanhuns/imoveis/chacara-a-venda-no-cond-beira-rio-com-piscina-parte-infantil-petrolina-pe-1433405615
Casa à venda no bairro Caminho do Sol,990000.0,Caminho Do Sol,150.0,3,2,1,venda,OLX,https://pe.olx.com.br/regiao-de-petrolina-e-garanhuns/imoveis/casa-a-venda-no-bairro-caminho-do-sol-1432175633
Santa Bárbara,240000.0,Vila Eulalia,100.0,3,2,1,venda,OLX,https://pe.olx.com.br/regiao-de-petrolina-e-garanhuns/imoveis/santa-barbara-1430935671
Apartamento no condominio Reserva do Coliseu,380000.0,Centro,74.0,3,2,1,venda,OLX,https://pe.olx.com.br/regiao-de-petrolina-e-garanhuns/imoveis/apartamento-no-condominio-reserva-do-coliseu-1430815444
"Casa à venda no Bairro Jatobá com 3 quartos, sendo 1 suíte, Petrolina-PE",270000.0,Henrique Leite,70.0,2,2,,venda,OLX,https://pe.olx.com.br/regiao-de-petrolina-e-garanhuns/imoveis/casa-a-venda-no-bairro-jatoba-com-3-quartos-sendo-1-suite-petrolina-pe-1429946125
Edifício São Francisco,440000.0,Caminho Do Sol,146.0,4,3,2,venda,OLX,https://pe.olx.com.br/regiao-de-petrolina-e-garanhuns/imoveis/edificio-sao-francisco-1429771184
Vale do Grande Rio,210000.0,Pedro Raimundo,68.0,3,1,1,venda,OLX,https://pe.olx.com.br/regiao-de-petrolina-e-garanhuns/imoveis/vale-do-grande-rio-1428176899
Vita Plaza Residence,730000.0,Centro,74.0,3,2,1,venda,OLX,https://pe.olx.com.br/regiao-de-petrolina-e-garanhuns/imoveis/vita-plaza-residence-1428052296
Casa 10x20 no Bairro Padre José de Castro-Petrolina,420000.0,Sao Jose,200.0,3,2,2,venda,OLX,https://pe.olx.com.br/regiao-de-petrolina-e-garanhuns/imoveis/casa-10x20-no-bairro-padre-jose-de-castro-petrolina-1427712108
Casa no Bairro Ipsep,550000.0,Jose E Maria,186.0,4,2,2,venda,OLX,https://pe.olx.com.br/regiao-de-petrolina-e-garanhuns/imoveis/casa-no-bairro-ipsep-1427074100
Casa duplex com 114 m² a venda em Petrolina - Oasis Village,458000.0,Dom Avelar,114.0,3,3,1,venda,OLX,https://pe.olx.com.br/regiao-de-petrolina-e-garanhuns/imoveis/casa-duplex-com-114-m-a-venda-em-petrolina-oasis-village-1426985900
Condomínio Campos do Conde,610000.0,Topazio,168.0,3,3,2,venda,OLX,https://pe.olx.com.br/regiao-de-petrolina-e-garanhuns/imoveis/condominio-campos-do-conde-1425210148
"Casa à venda no bairro Padre Cicero com 3 quartos, planejados, Petrolina",285000.0,Antonio Cassimiro,125.0,2,2,,venda,OLX,https://pe.olx.com.br/regiao-de-petrolina-e-garanhuns/imoveis/casa-a-venda-no-bairro-padre-cicero-com-3-quartos-planejados-petrolina-1425169625
Loteamento Vila Nova,250000.0,Loteamento Recife,10.0,3,2,1,venda,OLX,https://pe.olx.com.br/regiao-de-petrolina-e-garanhuns/imoveis/loteamento-vila-nova-1424872205
Condomínio Prime,1285000.0,Cidade Universitaria,137.0,3,4,2,venda,OLX,https://pe.olx.com.br/regiao-de-petrolina-e-garanhuns/imoveis/condominio-prime-1424249611
"Casa de Alto Padrão à Venda em Petrolina  3 Suítes, Condomínio Fechado e Lazer Completo",1200000.0,Cidade Universitaria,200.0,3,4,2,venda,OLX,https://pe.olx.com.br/regiao-de-petrolina-e-garanhuns/imoveis/casa-de-alto-padrao-a-venda-em-petrolina-3-suites-condominio-fechado-e-lazer-completo-1423777444
"Casa com piscina, 675m² de área, 2 quartos sendo um uma suíte, Centro Petrolina.",2500000.0,Centro,675.0,2,1,5,venda,OLX,https://pe.olx.com.br/regiao-de-petrolina-e-garanhuns/imoveis/casa-com-piscina-675m-de-area-2-quartos-sendo-um-uma-suite-centro-petrolina-1422856284
"Casa com 6 quartos 4 suítes e área de 675m², na Orla de Petrolina-PE",4500000.0,Centro,675.0,5,5,,venda,OLX,https://pe.olx.com.br/regiao-de-petrolina-e-garanhuns/imoveis/casa-com-6-quartos-4-suites-e-area-de-675m-na-orla-de-petrolina-pe-1422849524
"Casa disponível para venda - Caminho do Sol, Petrolina - PE",550000.0,Caminho Do Sol,77.0,3,3,2,venda,OLX,https://pe.olx.com.br/regiao-de-petrolina-e-garanhuns/imoveis/casa-disponivel-para-venda-caminho-do-sol-petrolina-pe-1422426944
"Apartamento à venda, 3 quartos, 1 suíte, 2 vagas, Carneiro - Petrolina/PE",324900.0,Fernando Idalino,60.0,3,2,2,venda,OLX,https://pe.olx.com.br/regiao-de-petrolina-e-garanhuns/imoveis/apartamento-a-venda-3-quartos-1-suite-2-vagas-carneiro-petrolina-pe-1420716485
"Apartamento à venda, 2 quartos, 1 suíte, 1 vaga, Carneiro - Petrolina/PE",249900.0,Fernando Idalino,69.0,2,2,1,venda,OLX,https://pe.olx.com.br/regiao-de-petrolina-e-garanhuns/imoveis/apartamento-a-venda-2-quartos-1-suite-1-vaga-carneiro-petrolina-pe-1420381472
"Apartamento à venda, 2 quartos, 1 suíte, 1 vaga, Carneiro - Petrolina/PE",246900.0,Fernando Idalino,50.0,2,2,1,venda,OLX,https://pe.olx.com.br/regiao-de-petrolina-e-garanhuns/imoveis/apartamento-a-venda-2-quartos-1-suite-1-vaga-carneiro-petrolina-pe-1420381449
"Casa Condomínio Summerville, Petrolina",2700000.0,Fernando Idalino,667.0,3,4,4,venda,OLX,https://pe.olx.com.br/regiao-de-petrolina-e-garanhuns/imoveis/casa-condominio-summerville-petrolina-1420381328
"Casa disponível para venda, Alphaville",2700000.0,Boa Esperanca,300.0,1,4,2,venda,OLX,https://pe.olx.com.br/regiao-de-petrolina-e-garanhuns/imoveis/casa-disponivel-para-venda-alphaville-1420378551
"Casa Disponível Para Venda, Iate Club",4500000.0,Centro,530.0,3,4,4,venda,OLX,https://pe.olx.com.br/regiao-de-petrolina-e-garanhuns/imoveis/casa-disponivel-para-venda-iate-club-1420378410
"Casa no Loteamento Vila Nova, Petrolina-PE",350000.0,Loteamento Recife,137.0,3,2,2,venda,OLX,https://pe.olx.com.br/regiao-de-petrolina-e-garanhuns/imoveis/casa-no-loteamento-vila-nova-petrolina-pe-1420378254
"Apartamento disponível para venda, Edifício serra do ouro centro Petrolina-PE",800000.0,Centro,147.0,3,2,1,venda,OLX,https://pe.olx.com.br/regiao-de-petrolina-e-garanhuns/imoveis/apartamento-disponivel-para-venda-edificio-serra-do-ouro-centro-petrolina-pe-1420378178
"Condomínio Brisas do Rio, Petrolina-PE",1250000.0,,250.0,3,3,2,venda,OLX,https://pe.olx.com.br/regiao-de-petrolina-e-garanhuns/imoveis/condominio-brisas-do-rio-petrolina-pe-1420378070
"Casa à venda no Condomínio Bela Vista com 3 suítes, piscina, PETROLINA - PE",1150000.0,Loteamento Recife,135.0,3,3,,venda,OLX,https://pe.olx.com.br/regiao-de-petrolina-e-garanhuns/imoveis/casa-a-venda-no-condominio-bela-vista-com-3-suites-piscina-petrolina-pe-1419433004
Condomínio Terras Alphaville,2850000.0,Boa Esperanca,267.0,5,5,4,venda,OLX,https://pe.olx.com.br/regiao-de-petrolina-e-garanhuns/imoveis/condominio-terras-alphaville-1418760873
Loteamento Vila Nova 1,240000.0,Loteamento Recife,100.0,3,2,1,venda,OLX,https://pe.olx.com.br/regiao-de-petrolina-e-garanhuns/imoveis/loteamento-vila-nova-1-1418308026
Condomínio Villa Bela,650000.0,Dom Avelar,10.0,3,2,1,venda,OLX,https://pe.olx.com.br/regiao-de-petrolina-e-garanhuns/imoveis/condominio-villa-bela-1418101544
Condomínio Brisas do Rio,1250000.0,,250.0,3,3,2,venda,OLX,https://pe.olx.com.br/regiao-de-petrolina-e-garanhuns/imoveis/condominio-brisas-do-rio-1416993603
Pedro Raimundo,230000.0,Pedro Raimundo,100.0,3,2,1,venda,OLX,https://pe.olx.com.br/regiao-de-petrolina-e-garanhuns/imoveis/pedro-raimundo-1416840520
CASA PARA VENDA- PROX BUONA VITA PETROLINA,250000.0,Topazio,100.0,2,1,1,venda,OLX,https://pe.olx.com.br/regiao-de-petrolina-e-garanhuns/imoveis/casa-para-venda-prox-buona-vita-petrolina-1416158413
Condomínio Terras Alphaville,2800000.0,Boa Esperanca,253.0,4,4,2,venda,OLX,https://pe.olx.com.br/regiao-de-petrolina-e-garanhuns/imoveis/condominio-terras-alphaville-1415579577
Condomínio Eco Spar,990000.0,Carneiro,10.0,3,3,2,venda,OLX,https://pe.olx.com.br/regiao-de-petrolina-e-garanhuns/imoveis/condominio-eco-spar-1413986181
Condomínio Sol Nascente 1,990000.0,Cidade Universitaria,10.0,3,4,2,venda,OLX,https://pe.olx.com.br/regiao-de-petrolina-e-garanhuns/imoveis/condominio-sol-nascente-1-1413986122
CASA PARA VENDA JARDIM AMAZONAS,270000.0,,240.0,2,1,1,venda,OLX,https://pe.olx.com.br/regiao-de-petrolina-e-garanhuns/imoveis/casa-para-venda-jardim-amazonas-1412900632
CASA PARA VENDA - VILA MARCELA,290000.0,Loteamento Recife,200.0,2,1,3,venda,OLX,https://pe.olx.com.br/regiao-de-petrolina-e-garanhuns/imoveis/casa-para-venda-vila-marcela-1412900457
Casa Bairro Vale Dourado,400000.0,Joao De Deus,200.0,2,1,2,venda,OLX,https://pe.olx.com.br/regiao-de-petrolina-e-garanhuns/imoveis/casa-bairro-vale-dourado-1319682272
Loteamento Recife,400000.0,Loteamento Recife,112.0,3,2,2,venda,OLX,https://pe.olx.com.br/regiao-de-petrolina-e-garanhuns/imoveis/loteamento-recife-1411025308
Apartamento com quatros quartos e vista pro rio na orla de Petrolina,2000000.0,Jatoba,180.0,4,5,2,venda,OLX,https://pe.olx.com.br/regiao-de-petrolina-e-garanhuns/imoveis/apartamento-com-quatros-quartos-e-vista-pro-rio-na-orla-de-petrolina-1408991857
Casa Duplex nascente à venda no bairro Atrás da Banca em Petrolina,600000.0,Atras Da Banca,150.0,3,4,2,venda,OLX,https://pe.olx.com.br/regiao-de-petrolina-e-garanhuns/imoveis/casa-duplex-nascente-a-venda-no-bairro-atras-da-banca-em-petrolina-1118989726
Casa a venda no centro de Petrolina,530000.0,Centro,200.0,4,2,2,venda,OLX,https://pe.olx.com.br/regiao-de-petrolina-e-garanhuns/imoveis/casa-a-venda-no-centro-de-petrolina-1340410447
Casa 3 Quartos a venda condomínio Velho Chico em Juazeiro - BA,800000.0,Sao Jose,240.0,3,4,2,venda,OLX,https://pe.olx.com.br/regiao-de-petrolina-e-garanhuns/imoveis/casa-3-quartos-a-venda-condominio-velho-chico-em-juazeiro-ba-1054042358
Casa no bairro Pedro Raimundo à venda em Petrolina,260000.0,Pedro Raimundo,104.0,3,2,1,venda,OLX,https://pe.olx.com.br/regiao-de-petrolina-e-garanhuns/imoveis/casa-no-bairro-pedro-raimundo-a-venda-em-petrolina-1340447717
"Casa a venda no Condomínio Buona Vita, Petrolina - PE",1650000.0,Loteamento Recife,200.0,4,4,2,venda,OLX,https://pe.olx.com.br/regiao-de-petrolina-e-garanhuns/imoveis/casa-a-venda-no-condominio-buona-vita-petrolina-pe-1323721554
Chácara com 20.000m² às margens do Rio São Francisco à venda em Petrolina,1500000.0,Centro,20000.0,5,5,5,venda,OLX,https://pe.olx.com.br/regiao-de-petrolina-e-garanhuns/imoveis/chacara-com-20-000m-as-margens-do-rio-sao-francisco-a-venda-em-petrolina-1118903887
Casa á venda com suíte máster e closet no bairro Vila Nova em Petrolina - PE ,300000.0,Loteamento Recife,115.0,3,2,1,venda,OLX,https://pe.olx.com.br/regiao-de-petrolina-e-garanhuns/imoveis/casa-a-venda-com-suite-master-e-closet-no-bairro-vila-nova-em-petrolina-pe-1049321311
Casa duplex à venda com quatro quartos e piscina em condomínio em Petrolina,1700000.0,Centro,240.0,4,3,,venda,OLX,https://pe.olx.com.br/regiao-de-petrolina-e-garanhuns/imoveis/casa-duplex-a-venda-com-quatro-quartos-e-piscina-em-condominio-em-petrolina-1285743949
Casa à venda com três quartos em avenida principal do bairro Jatobá em Petrolina,415000.0,Jatoba,125.0,3,2,1,venda,OLX,https://pe.olx.com.br/regiao-de-petrolina-e-garanhuns/imoveis/casa-a-venda-com-tres-quartos-em-avenida-principal-do-bairro-jatoba-em-petrolina-1382193994
Casa com 309 m² á venda no condomínio Encontro das águas em Petrolina-PE | Cód.: 1099,1700000.0,Cohab Sao Francisco,309.0,3,4,2,venda,OLX,https://pe.olx.com.br/regiao-de-petrolina-e-garanhuns/imoveis/casa-com-309-m-a-venda-no-condominio-encontro-das-aguas-em-petrolina-pe-cod-1099-1323722235
Casa à venda com 4 suítes no Condomínio Encontro das Águas - Petrolina/PE,1450000.0,Cohab Sao Francisco,240.0,4,5,2,venda,OLX,https://pe.olx.com.br/regiao-de-petrolina-e-garanhuns/imoveis/casa-a-venda-com-4-suites-no-condominio-encontro-das-aguas-petrolina-pe-1340448712
Casa a venda com 3 quartos Avenida dos Tropeiros Petrolina,260000.0,Alto Do Cocar,100.0,3,2,1,venda,OLX,https://pe.olx.com.br/regiao-de-petrolina-e-garanhuns/imoveis/casa-a-venda-com-3-quartos-avenida-dos-tropeiros-petrolina-1342012526
Casa a venda no Colinas do Rio Petrolina com três suites,600000.0,Cohab Sao Francisco,200.0,3,4,2,venda,OLX,https://pe.olx.com.br/regiao-de-petrolina-e-garanhuns/imoveis/casa-a-venda-no-colinas-do-rio-petrolina-com-tres-suites-1269005810
Apartamento no condominio rio Pardo Vila Moco,330000.0,Vila Moco,72.0,3,2,1,venda,OLX,https://pe.olx.com.br/regiao-de-petrolina-e-garanhuns/imoveis/apartamento-no-condominio-rio-pardo-vila-moco-1408156204
"Casa à venda no condominio Buona Vita, Petrolina",1150000.0,Loteamento Recife,350.0,4,3,2,venda,OLX,https://pe.olx.com.br/regiao-de-petrolina-e-garanhuns/imoveis/casa-a-venda-no-condominio-buona-vita-petrolina-1407871837
APARTAMENTO COND. MAIS VIVER / 02 QUARTOS - ANTONIO CASSIMIRO,230000.0,Antonio Cassimiro,48.0,2,1,1,venda,OLX,https://pe.olx.com.br/regiao-de-petrolina-e-garanhuns/imoveis/apartamento-cond-mais-viver-02-quartos-antonio-cassimiro-1406518264
Casa de Alto Padrão com 4 Suítes à Venda no Condomínio Eco Spa,1800000.0,Carneiro,231.0,4,4,4,venda,OLX,https://pe.olx.com.br/regiao-de-petrolina-e-garanhuns/imoveis/casa-de-alto-padrao-com-4-suites-a-venda-no-condominio-eco-spa-1402342740
Lot. Boa Vista,260000.0,Jatoba,100.0,3,2,1,venda,OLX,https://pe.olx.com.br/regiao-de-petrolina-e-garanhuns/imoveis/lot-boa-vista-1403916380
CASA PARA VENDA-COHAB MASSANGANO,780000.0,Joao De Deus,200.0,,1,2,venda,OLX,https://pe.olx.com.br/regiao-de-petrolina-e-garanhuns/imoveis/casa-para-venda-cohab-massangano-1403788600
CASA PARA VENDA - CAMINHO DO SOL,400000.0,,80.0,2,1,3,venda,OLX,https://pe.olx.com.br/regiao-de-petrolina-e-garanhuns/imoveis/casa-para-venda-caminho-do-sol-1403788509
"Casa à venda no Bairro Estela Márcia com 3 quartos, PETROLINA - PE",400000.0,Dom Avelar,110.0,2,2,,venda,OLX,https://pe.olx.com.br/regiao-de-petrolina-e-garanhuns/imoveis/casa-a-venda-no-bairro-estela-marcia-com-3-quartos-petrolina-pe-1403454701
"Casa à venda no Loteamento Boa Vista com 3 quartos, PETROLINA - PE",270000.0,Henrique Leite,70.0,2,2,,venda,OLX,https://pe.olx.com.br/regiao-de-petrolina-e-garanhuns/imoveis/casa-a-venda-no-loteamento-boa-vista-com-3-quartos-petrolina-pe-1403441209
Condomínio Buona Vita,1200000.0,Loteamento Recife,10.0,3,3,2,venda,OLX,https://pe.olx.com.br/regiao-de-petrolina-e-garanhuns/imoveis/condominio-buona-vita-1403133779
"Casa à venda no Estela Marcia com 3 quartos, sendo 01 suíte, PETROLINA - PE",385000.0,Dom Avelar,150.0,2,2,,venda,OLX,https://pe.olx.com.br/regiao-de-petrolina-e-garanhuns/imoveis/casa-a-venda-no-estela-marcia-com-3-quartos-sendo-01-suite-petrolina-pe-1402383150
Casa Térrea à Venda no Condomínio Encontro das Águas em Petrolina | 3 Quartos,825000.0,Cohab Sao Francisco,120.0,3,3,2,venda,OLX,https://pe.olx.com.br/regiao-de-petrolina-e-garanhuns/imoveis/casa-terrea-a-venda-no-condominio-encontro-das-aguas-em-petrolina-3-quartos-1402154521
"Casa à venda no Loteamento Boa Vista com 3 quartos, PETROLINA - PE",260000.0,Henrique Leite,100.0,2,2,,venda,OLX,https://pe.olx.com.br/regiao-de-petrolina-e-garanhuns/imoveis/casa-a-venda-no-loteamento-boa-vista-com-3-quartos-petrolina-pe-1402110128
"Apartamento à venda na Vila Mocó com 3 quartos, sendo 2 suítes, PETROLINA - PE",565000.0,Vila Moco,118.0,1,3,,venda,OLX,https://pe.olx.com.br/regiao-de-petrolina-e-garanhuns/imoveis/apartamento-a-venda-na-vila-moco-com-3-quartos-sendo-2-suites-petrolina-pe-1402102733
Condomínio Valle dos Coqueiros,300000.0,Cohab Sao Francisco,10.0,2,2,1,venda,OLX,https://pe.olx.com.br/regiao-de-petrolina-e-garanhuns/imoveis/condominio-valle-dos-coqueiros-1401543230
CASA DE ALTO PADRAO NO CONDOMINIO SOL NASCENTE - PETROLINA,2000000.0,Cidade Universitaria,320.0,4,2,2,venda,OLX,https://pe.olx.com.br/regiao-de-petrolina-e-garanhuns/imoveis/casa-de-alto-padrao-no-condominio-sol-nascente-petrolina-1401291971
Condomínio Alphaville,2000000.0,Boa Esperanca,272.0,4,4,4,venda,OLX,https://pe.olx.com.br/regiao-de-petrolina-e-garanhuns/imoveis/condominio-alphaville-1399562130
"Casa com três quartos, Piscina, no Bairro Colinas do Rio - Petrolina",650000.0,Cohab Sao Francisco,200.0,3,2,2,venda,OLX,https://pe.olx.com.br/regiao-de-petrolina-e-garanhuns/imoveis/casa-com-tres-quartos-piscina-no-bairro-colinas-do-rio-petrolina-1398234939
Casa à venda com três quartos no bairro loteamento eduardo - atrás do Gbarbosa,495000.0,Vila Eduardo,300.0,3,2,5,venda,OLX,https://pe.olx.com.br/regiao-de-petrolina-e-garanhuns/imoveis/casa-a-venda-com-tres-quartos-no-bairro-loteamento-eduardo-atras-do-gbarbosa-1397986195
"Casa à venda na Areia Branca com 3 quartos, sendo 1 suíte, PETROLINA - PE",550000.0,Areia Branca,200.0,2,2,,venda,OLX,https://pe.olx.com.br/regiao-de-petrolina-e-garanhuns/imoveis/casa-a-venda-na-areia-branca-com-3-quartos-sendo-1-suite-petrolina-pe-1395901214
"Casa à venda no Bairro Dom Avelar com 3 quartos, sendo 1 suíte, PETROLINA - PE",220000.0,Dom Avelar,73.0,2,2,,venda,OLX,https://pe.olx.com.br/regiao-de-petrolina-e-garanhuns/imoveis/casa-a-venda-no-bairro-dom-avelar-com-3-quartos-sendo-1-suite-petrolina-pe-1395901195
Casa 5 Quartos à Venda no Condomínio Água Viva  Petrolina,2200000.0,Pedra Do Bode,300.0,5,3,2,venda,OLX,https://pe.olx.com.br/regiao-de-petrolina-e-garanhuns/imoveis/casa-5-quartos-a-venda-no-condominio-agua-viva-petrolina-1394746314
Condomínio Campos do Conde,605000.0,Topazio,149.0,3,4,2,venda,OLX,https://pe.olx.com.br/regiao-de-petrolina-e-garanhuns/imoveis/condominio-campos-do-conde-1394575422
"Casa com piscina no Projeto C1, Petrolina-PE.",350000.0,Centro,200.0,3,2,3,venda,OLX,https://pe.olx.com.br/regiao-de-petrolina-e-garanhuns/imoveis/casa-com-piscina-no-projeto-c1-petrolina-pe-1393655232
Casa disponível para Venda ou Aluguel no Condomínio Summerville  Petrolina!,980000.0,,140.0,3,4,2,venda,OLX,https://pe.olx.com.br/regiao-de-petrolina-e-garanhuns/imoveis/casa-disponivel-para-venda-ou-aluguel-no-condominio-summerville-petrolina-1393377303
Casa nascente e de esquina à venda em Petrolina,275000.0,Dom Avelar,140.0,3,2,2,venda,OLX,https://pe.olx.com.br/regiao-de-petrolina-e-garanhuns/imoveis/casa-nascente-e-de-esquina-a-venda-em-petrolina-1392051007
"Apartamento duplex á venda no Edf. Rio Verde com 4 quartos, orla, PETROLINA - PE",1500000.0,Centro,270.0,2,3,,venda,OLX,https://pe.olx.com.br/regiao-de-petrolina-e-garanhuns/imoveis/apartamento-duplex-a-venda-no-edf-rio-verde-com-4-quartos-orla-petrolina-pe-1391579766
"Casa à venda, 3 quartos, 1 suíte, 3 vagas, Caminho do Sol - Petrolina/PE",550000.0,Caminho Do Sol,375.0,3,1,3,venda,OLX,https://pe.olx.com.br/regiao-de-petrolina-e-garanhuns/imoveis/casa-a-venda-3-quartos-1-suite-3-vagas-caminho-do-sol-petrolina-pe-1391160965
Apartamento 300 m² no Mansões do Rio  Petrolina/PE,4500000.0,Vila Eduardo,300.0,4,5,4,venda,OLX,https://pe.olx.com.br/regiao-de-petrolina-e-garanhuns/imoveis/apartamento-300-m-no-mansoes-do-rio-petrolina-pe-1390259811
Edifício Vita Plaza,670000.0,Centro,74.0,3,2,1,venda,OLX,https://pe.olx.com.br/regiao-de-petrolina-e-garanhuns/imoveis/edificio-vita-plaza-1390233926
Residencial Jatobá 2,225000.0,Jatoba,10.0,2,2,1,venda,OLX,https://pe.olx.com.br/regiao-de-petrolina-e-garanhuns/imoveis/residencial-jatoba-2-1390225598
Condomínio Buona Vita,960000.0,Loteamento Recife,10.0,3,3,2,venda,OLX,https://pe.olx.com.br/regiao-de-petrolina-e-garanhuns/imoveis/condominio-buona-vita-1387763868
"Apartamento à venda, no Vita Plaza de com 3 quartos, orla, PETROLINA - PE",750000.0,Atras Da Banca,75.0,2,2,,venda,OLX,https://pe.olx.com.br/regiao-de-petrolina-e-garanhuns/imoveis/apartamento-a-venda-no-vita-plaza-de-com-3-quartos-orla-petrolina-pe-1387394578
"Casa á venda no bairro São José com 3 quartos todos suítes, PETROLINA - PE",900000.0,Sao Jose,214.0,3,4,4,venda,OLX,https://pe.olx.com.br/regiao-de-petrolina-e-garanhuns/imoveis/casa-a-venda-no-bairro-sao-jose-com-3-quartos-todos-suites-petrolina-pe-1386913001
Casa à venda no KM-2',1000000.0,Km-2,222.0,4,2,2,venda,OLX,https://pe.olx.com.br/regiao-de-petrolina-e-garanhuns/imoveis/casa-a-venda-no-km-2-1385719363
Casas prontas para morar no Bairro Jatobá  Loteamento Boa Vista!,300000.0,Jatoba,80.0,3,1,1,venda,OLX,https://pe.olx.com.br/regiao-de-petrolina-e-garanhuns/imoveis/casas-prontas-para-morar-no-bairro-jatoba-loteamento-boa-vista-1385495611
"Casa à venda no Vale Dourado com 3 quartos sendo duas suítes, PETROLINA - PE",400000.0,Pedra Linda,85.0,1,3,,venda,OLX,https://pe.olx.com.br/regiao-de-petrolina-e-garanhuns/imoveis/casa-a-venda-no-vale-dourado-com-3-quartos-sendo-duas-suites-petrolina-pe-1384002333
Casa nascente no bairro Loteamento Recife à venda em Petrolina,390000.0,Loteamento Recife,100.0,3,2,1,venda,OLX,https://pe.olx.com.br/regiao-de-petrolina-e-garanhuns/imoveis/casa-nascente-no-bairro-loteamento-recife-a-venda-em-petrolina-1297768805
Casa à venda no Condomínio Vila Bella em Petrolina,525000.0,Dom Avelar,105.0,3,2,1,venda,OLX,https://pe.olx.com.br/regiao-de-petrolina-e-garanhuns/imoveis/casa-a-venda-no-condominio-vila-bella-em-petrolina-1070053866
Casa à venda com dois quartos no bairro Boa Vista - Jatobá,239000.0,Centro,240.0,2,2,,venda,OLX,https://pe.olx.com.br/regiao-de-petrolina-e-garanhuns/imoveis/casa-a-venda-com-dois-quartos-no-bairro-boa-vista-jatoba-1266813750
Casa à venda com 4 quartos no Condomínio Encontro das Águas - Petrolina/PE,1300000.0,Cohab Sao Francisco,300.0,4,5,,venda,OLX,https://pe.olx.com.br/regiao-de-petrolina-e-garanhuns/imoveis/casa-a-venda-com-4-quartos-no-condominio-encontro-das-aguas-petrolina-pe-1074657809
Casa à venda com 3 quartos no bairro Antônio Cassimiro em Petrolina,500000.0,Antonio Cassimiro,115.0,3,2,2,venda,OLX,https://pe.olx.com.br/regiao-de-petrolina-e-garanhuns/imoveis/casa-a-venda-com-3-quartos-no-bairro-antonio-cassimiro-em-petrolina-965689255
"Casa à venda, 3 quartos, 1 suíte, 2 vagas, LOT PADRE CICERO - Petrolina/PE",370000.0,Dom Avelar,100.0,3,2,2,venda,OLX,https://pe.olx.com.br/regiao-de-petrolina-e-garanhuns/imoveis/casa-a-venda-3-quartos-1-suite-2-vagas-lot-padre-cicero-petrolina-pe-1379785045
Apartamento à venda com Três quartos sendo um suíte no centro de Petrolina,500000.0,Centro,190.0,2,2,,venda,OLX,https://pe.olx.com.br/regiao-de-petrolina-e-garanhuns/imoveis/apartamento-a-venda-com-tres-quartos-sendo-um-suite-no-centro-de-petrolina-1379702988
Condomínio Buona Vita,1490000.0,Loteamento Recife,182.0,4,4,,venda,OLX,https://pe.olx.com.br/regiao-de-petrolina-e-garanhuns/imoveis/condominio-buona-vita-1378746682
Imóvel para venda com 140 metros quadrados com 3 quartos em Loteamento Recife - Petrolina ,670000.0,Loteamento Recife,140.0,3,4,2,venda,OLX,https://pe.olx.com.br/regiao-de-petrolina-e-garanhuns/imoveis/imovel-para-venda-com-140-metros-quadrados-com-3-quartos-em-loteamento-recife-petrolina-1378337583
Imóvel para aluguel com 120 metros quadrados com 3 quartos em Centro - Petrolina - PE,350000.0,Centro,104.0,3,3,1,venda,OLX,https://pe.olx.com.br/regiao-de-petrolina-e-garanhuns/imoveis/imovel-para-aluguel-com-120-metros-quadrados-com-3-quartos-em-centro-petrolina-pe-1378260996
Condomínio Prime Residence,950000.0,Cidade Universitaria,133.0,3,4,,venda,OLX,https://pe.olx.com.br/regiao-de-petrolina-e-garanhuns/imoveis/condominio-prime-residence-1378078677
Loteamento Boa Vista,650000.0,Loteamento Recife,200.0,3,2,4,venda,OLX,https://pe.olx.com.br/regiao-de-petrolina-e-garanhuns/imoveis/loteamento-boa-vista-1378078675
"Casa à venda no Cond. Portal das Águas, 3 quartos, gourmet, Petrolina-PE",1390000.0,Centro,220.0,2,3,3,venda,OLX,https://pe.olx.com.br/regiao-de-petrolina-e-garanhuns/imoveis/casa-a-venda-no-cond-portal-das-aguas-3-quartos-gourmet-petrolina-pe-1372473681
Imóvel para venda possui 150 metros quadrados com 3 quartos em Loteamento Recife - Petroli,550000.0,Loteamento Recife,150.0,3,2,2,venda,OLX,https://pe.olx.com.br/regiao-de-petrolina-e-garanhuns/imoveis/imovel-para-venda-possui-150-metros-quadrados-com-3-quartos-em-loteamento-recife-petroli-1370481757
Condomínio Buona Vita,1200000.0,Loteamento Recife,10.0,3,3,2,venda,OLX,https://pe.olx.com.br/regiao-de-petrolina-e-garanhuns/imoveis/condominio-buona-vita-1368512127
"Casa com 3 dormitórios, Área gourmet, Dom Avelar, PETROLINA - PE",270000.0,Dom Avelar,100.0,3,1,,venda,OLX,https://pe.olx.com.br/regiao-de-petrolina-e-garanhuns/imoveis/casa-com-3-dormitorios-area-gourmet-dom-avelar-petrolina-pe-1368428405
"Casa à venda, Loteamento Boa Vista, 3 quartos, sendo uma suíte, PETROLINA - PE",260000.0,Centro,65.0,2,1,,venda,OLX,https://pe.olx.com.br/regiao-de-petrolina-e-garanhuns/imoveis/casa-a-venda-loteamento-boa-vista-3-quartos-sendo-uma-suite-petrolina-pe-1367830362
"Duplex no Jatobá, Petrolina-PE - 3 Quartos, Energia Solar e Garagem para 2 Carros por R$ 4",460000.0,Jatoba,107.0,3,2,2,venda,OLX,https://pe.olx.com.br/regiao-de-petrolina-e-garanhuns/imoveis/duplex-no-jatoba-petrolina-pe-3-quartos-energia-solar-e-garagem-para-2-carros-por-r-4-1364562863
Edifício Premium Residence,700000.0,Sao Jose,10.0,3,2,1,venda,OLX,https://pe.olx.com.br/regiao-de-petrolina-e-garanhuns/imoveis/edificio-premium-residence-1363562328
Condomínio Terras Alphaville,2980000.0,Boa Esperanca,10.0,4,4,,venda,OLX,https://pe.olx.com.br/regiao-de-petrolina-e-garanhuns/imoveis/condominio-terras-alphaville-1362189565
"Casa à venda, COHAB São Francisco, 3 suítes, master com closet",480000.0,Cohab Sao Francisco,130.0,3,2,,venda,OLX,https://pe.olx.com.br/regiao-de-petrolina-e-garanhuns/imoveis/casa-a-venda-cohab-sao-francisco-3-suites-master-com-closet-1356952719
"Casa à venda, Colinas do Rio, 3 quartos, sendo 1 suítes com closet",399000.0,Cohab Sao Francisco,200.0,2,2,,venda,OLX,https://pe.olx.com.br/regiao-de-petrolina-e-garanhuns/imoveis/casa-a-venda-colinas-do-rio-3-quartos-sendo-1-suites-com-closet-1355913468
"Casa, São José, 3 quartos, Gourmet com churrasqueira piscina, Garagem 06 carros",2400000.0,Sao Jose,700.0,2,2,,venda,OLX,https://pe.olx.com.br/regiao-de-petrolina-e-garanhuns/imoveis/casa-sao-jose-3-quartos-gourmet-com-churrasqueira-piscina-garagem-06-carros-1355443149
Saint Michelle,800000.0,Centro,84.0,2,3,,venda,OLX,https://pe.olx.com.br/regiao-de-petrolina-e-garanhuns/imoveis/saint-michelle-1353783784
Alta Vista Mais Viver: Apartamentos de 2 Quartos com Lazer Completo na Alameda do Sol,242500.0,Antonio Cassimiro,42.0,2,1,1,venda,OLX,https://pe.olx.com.br/regiao-de-petrolina-e-garanhuns/imoveis/alta-vista-mais-viver-apartamentos-de-2-quartos-com-lazer-completo-na-alameda-do-sol-1352696077
Casa Cond. Sol Nascente Orla,1350000.0,Fernando Idalino,150.0,3,2,,venda,OLX,https://pe.olx.com.br/regiao-de-petrolina-e-garanhuns/imoveis/casa-cond-sol-nascente-orla-1352099064
"Apartamento com 2 dormitórios à venda, Atrás da Banca, PETROLINA - PE",500000.0,Atras Da Banca,65.0,1,2,,venda,OLX,https://pe.olx.com.br/regiao-de-petrolina-e-garanhuns/imoveis/apartamento-com-2-dormitorios-a-venda-atras-da-banca-petrolina-pe-1351987436
Casa no Bairro antonio Cassimiro,500000.0,Antonio Cassimiro,115.0,3,2,2,venda,OLX,https://pe.olx.com.br/regiao-de-petrolina-e-garanhuns/imoveis/casa-no-bairro-antonio-cassimiro-1350914252
Casa a venda com 4 quartos em condomínio em Petrolina,1850000.0,Jatoba,415.0,4,,2,venda,OLX,https://pe.olx.com.br/regiao-de-petrolina-e-garanhuns/imoveis/casa-a-venda-com-4-quartos-em-condominio-em-petrolina-1350420922
"Casa com 3 dormitórios à venda, Centro, PETROLINA - PE",1600000.0,Sao Jose,220.0,2,3,3,venda,OLX,https://pe.olx.com.br/regiao-de-petrolina-e-garanhuns/imoveis/casa-com-3-dormitorios-a-venda-centro-petrolina-pe-1350310968
"Casa à venda Cond. Park Jatobá, 3 quartos, gourmet, piscina, Petrolina",1450000.0,Jatoba,312.0,1,3,2,venda,OLX,https://pe.olx.com.br/regiao-de-petrolina-e-garanhuns/imoveis/casa-a-venda-cond-park-jatoba-3-quartos-gourmet-piscina-petrolina-1349183958
"Excelente casa nova em esquina, bem localizada no Loteamento Recife",670000.0,Loteamento Recife,114.0,3,3,,venda,OLX,https://pe.olx.com.br/regiao-de-petrolina-e-garanhuns/imoveis/excelente-casa-nova-em-esquina-bem-localizada-no-loteamento-recife-1343531418
"Casa, Padre Cicero, PETROLINA - PE",800000.0,Dom Avelar,240.0,2,2,,venda,OLX,https://pe.olx.com.br/regiao-de-petrolina-e-garanhuns/imoveis/casa-padre-cicero-petrolina-pe-1343517559
"Casa à venda, Jatobá, PETROLINA - PE",360000.0,Jatoba,95.0,1,3,,venda,OLX,https://pe.olx.com.br/regiao-de-petrolina-e-garanhuns/imoveis/casa-a-venda-jatoba-petrolina-pe-1343517556
"Casa no BUONA VITA, com 3 suítes, 2 com closet, master com banheira",1150000.0,Loteamento Recife,185.0,3,4,,venda,OLX,https://pe.olx.com.br/regiao-de-petrolina-e-garanhuns/imoveis/casa-no-buona-vita-com-3-suites-2-com-closet-master-com-banheira-1342338125
Casa à venda com 3 quartos no bairro Ouro Preto  ,450000.0,Ouro Preto,115.0,3,2,2,venda,OLX,https://pe.olx.com.br/regiao-de-petrolina-e-garanhuns/imoveis/casa-a-venda-com-3-quartos-no-bairro-ouro-preto-1272980062
Casa a venda com três quarto no Bairro Dom Avelar,260000.0,Dom Avelar,102.0,3,1,1,venda,OLX,https://pe.olx.com.br/regiao-de-petrolina-e-garanhuns/imoveis/casa-a-venda-com-tres-quarto-no-bairro-dom-avelar-1039852391
Casa à venda com 3 quartos no Colina do Rio em Petrolina,430000.0,Cohab Sao Francisco,200.0,3,2,3,venda,OLX,https://pe.olx.com.br/regiao-de-petrolina-e-garanhuns/imoveis/casa-a-venda-com-3-quartos-no-colina-do-rio-em-petrolina-1070496877
Casa nascente à venda em Petrolina com 3 quartos,255000.0,Dom Avelar,110.0,3,2,2,venda,OLX,https://pe.olx.com.br/regiao-de-petrolina-e-garanhuns/imoveis/casa-nascente-a-venda-em-petrolina-com-3-quartos-1258599912
Casa a venda 3 quartos sendo uma suíte na Avenida do Tropeiros,260000.0,Jardim Maravilha,100.0,3,2,1,venda,OLX,https://pe.olx.com.br/regiao-de-petrolina-e-garanhuns/imoveis/casa-a-venda-3-quartos-sendo-uma-suite-na-avenida-do-tropeiros-1316931490
Iate Clube,5000000.0,Centro,450.0,3,3,5,venda,OLX,https://pe.olx.com.br/regiao-de-petrolina-e-garanhuns/imoveis/iate-clube-1338508158
"Casa com 3 dormitórios à venda, COHAB São Francisco, PETROLINA - PE",830000.0,Cohab Sao Francisco,135.0,2,2,2,venda,OLX,https://pe.olx.com.br/regiao-de-petrolina-e-garanhuns/imoveis/casa-com-3-dormitorios-a-venda-cohab-sao-francisco-petrolina-pe-1327876971
"Casa à venda, Padre Cicero, 3 quartos, sendo um suíte, PETROLINA - PE",380000.0,Dom Avelar,95.0,2,2,2,venda,OLX,https://pe.olx.com.br/regiao-de-petrolina-e-garanhuns/imoveis/casa-a-venda-padre-cicero-3-quartos-sendo-um-suite-petrolina-pe-1325926631
"Casa à venda no Buona Vita, 3 quartos, sendo todos suítes, piscina, prainha",950000.0,Loteamento Recife,130.0,3,3,2,venda,OLX,https://pe.olx.com.br/regiao-de-petrolina-e-garanhuns/imoveis/casa-a-venda-no-buona-vita-3-quartos-sendo-todos-suites-piscina-prainha-1324779416
"Casa com 3 dormitórios à venda, BUONA VITA, PETROLINA - PE",950000.0,Loteamento Recife,130.0,3,3,2,venda,OLX,https://pe.olx.com.br/regiao-de-petrolina-e-garanhuns/imoveis/casa-com-3-dormitorios-a-venda-buona-vita-petrolina-pe-1324778780
"Casa à venda, Brisas do Rio, 2 quartos, sendo 01 suíte com closet, gourmet",850000.0,,170.0,1,2,,venda,OLX,https://pe.olx.com.br/regiao-de-petrolina-e-garanhuns/imoveis/casa-a-venda-brisas-do-rio-2-quartos-sendo-01-suite-com-closet-gourmet-1324140411
Casa de Luxo com 3 Suítes e Área Gourmet em Condomínio Fechado - Agende Sua Visita!,630000.0,,240.0,3,4,2,venda,OLX,https://pe.olx.com.br/regiao-de-petrolina-e-garanhuns/imoveis/casa-de-luxo-com-3-suites-e-area-gourmet-em-condominio-fechado-agende-sua-visita-1322634886
"Casa à venda no Cond. Vivendas do Rio, 3 quartos, gourmet, piscina, Petrolina",900000.0,Jatoba,260.0,2,2,,venda,OLX,https://pe.olx.com.br/regiao-de-petrolina-e-garanhuns/imoveis/casa-a-venda-no-cond-vivendas-do-rio-3-quartos-gourmet-piscina-petrolina-1319998501
"Apartamento à venda, Edf. Serra do Ouro, Centro de Petrolina, 3 quartos, varanda",850000.0,Centro,160.0,2,3,,venda,OLX,https://pe.olx.com.br/regiao-de-petrolina-e-garanhuns/imoveis/apartamento-a-venda-edf-serra-do-ouro-centro-de-petrolina-3-quartos-varanda-1319089960
"Casa, Bairro Padre Cicero, térrea, 3 quartos sendo uma suíte grande casal com cl",365000.0,Joao De Deus,106.0,3,2,,venda,OLX,https://pe.olx.com.br/regiao-de-petrolina-e-garanhuns/imoveis/casa-bairro-padre-cicero-terrea-3-quartos-sendo-uma-suite-grande-casal-com-cl-1317272765
"Casa Bairro Vila Nova, 3 quartos amplos sendo dois suíte, uma com closet",444000.0,Vila Nova - N5,128.0,1,3,2,venda,OLX,https://pe.olx.com.br/regiao-de-petrolina-e-garanhuns/imoveis/casa-bairro-vila-nova-3-quartos-amplos-sendo-dois-suite-uma-com-closet-1316791578
"Venda, casa, 3 quartos, sendo todos suítes, uma com closet, Varanda gourmet clim",1150000.0,Carneiro,190.0,3,4,,venda,OLX,https://pe.olx.com.br/regiao-de-petrolina-e-garanhuns/imoveis/venda-casa-3-quartos-sendo-todos-suites-uma-com-closet-varanda-gourmet-clim-1316790030
"Casa, Bairro Orla, 3 quartos, sendo uma suíte",1400000.0,Centro,300.0,2,2,4,venda,OLX,https://pe.olx.com.br/regiao-de-petrolina-e-garanhuns/imoveis/casa-bairro-orla-3-quartos-sendo-uma-suite-1316789707
"Casa Caminho do Sol, Três quartos, sendo dois suítes, uma com closet",2000000.0,Caminho Do Sol,438.0,1,3,,venda,OLX,https://pe.olx.com.br/regiao-de-petrolina-e-garanhuns/imoveis/casa-caminho-do-sol-tres-quartos-sendo-dois-suites-uma-com-closet-1316789390
"Venda, Casa comercial no Centro, ótima localização, área de 450m , 7 quartos sen",1950000.0,Vila Moco,450.0,5,4,5,venda,OLX,https://pe.olx.com.br/regiao-de-petrolina-e-garanhuns/imoveis/venda-casa-comercial-no-centro-otima-localizacao-area-de-450m-7-quartos-sen-1316789384
"Casa à venda no Bairro Colina Imperial, 3 quartos, gourmet, piscina, petrolina",1500000.0,Vila Eduardo,400.0,1,3,2,venda,OLX,https://pe.olx.com.br/regiao-de-petrolina-e-garanhuns/imoveis/casa-a-venda-no-bairro-colina-imperial-3-quartos-gourmet-piscina-petrolina-1316789361
"Apartamento à venda no Edf. Monte Sinai, 3 quartos, Varanda, 110m, Petrolina",650000.0,Atras Da Banca,110.0,2,2,,venda,OLX,https://pe.olx.com.br/regiao-de-petrolina-e-garanhuns/imoveis/apartamento-a-venda-no-edf-monte-sinai-3-quartos-varanda-110m-petrolina-1316788916
Casa à venda orla de Petrolina com 4 quartos sendo 2 suítes,1050000.0,Centro,230.0,2,3,,venda,OLX,https://pe.olx.com.br/regiao-de-petrolina-e-garanhuns/imoveis/casa-a-venda-orla-de-petrolina-com-4-quartos-sendo-2-suites-1316788913
"Casa, Condomínio Encontro das Águas, móveis planejados, sala de estar, jantar e",1350000.0,Cohab Sao Francisco,206.0,1,3,2,venda,OLX,https://pe.olx.com.br/regiao-de-petrolina-e-garanhuns/imoveis/casa-condominio-encontro-das-aguas-moveis-planejados-sala-de-estar-jantar-e-1316788907
"Venda, Casa, Bairro Vale Dourado, 3 Quartos, sendo 1 suíte,Garagem Coberta até",470000.0,Joao De Deus,131.0,2,2,,venda,OLX,https://pe.olx.com.br/regiao-de-petrolina-e-garanhuns/imoveis/venda-casa-bairro-vale-dourado-3-quartos-sendo-1-suite-garagem-coberta-ate-1316788885
"Casa com 3 dormitórios à venda, Loteamento Colinas do Rio, PETROLINA - PE",375000.0,Cohab Sao Francisco,106.0,2,2,,venda,OLX,https://pe.olx.com.br/regiao-de-petrolina-e-garanhuns/imoveis/casa-com-3-dormitorios-a-venda-loteamento-colinas-do-rio-petrolina-pe-1316788887
"Venda, APARTAMENTO, 3 quartos, sendo uma suíte, 147m (aproximados)",650000.0,Centro,147.0,2,2,,venda,OLX,https://pe.olx.com.br/regiao-de-petrolina-e-garanhuns/imoveis/venda-apartamento-3-quartos-sendo-uma-suite-147m-aproximados-1316788862
"Venda, Condomínio Eco Spa, 3 quartos, sendo todos suítes, duas com closet, com p",3500000.0,Carneiro,330.0,3,4,4,venda,OLX,https://pe.olx.com.br/regiao-de-petrolina-e-garanhuns/imoveis/venda-condominio-eco-spa-3-quartos-sendo-todos-suites-duas-com-closet-com-p-1316788868
"Venda, Bairro Colinas do Rio, Garagem para 3 Carros, 3 4 sendo 1 suíte closet",440000.0,Cohab Sao Francisco,110.0,2,3,3,venda,OLX,https://pe.olx.com.br/regiao-de-petrolina-e-garanhuns/imoveis/venda-bairro-colinas-do-rio-garagem-para-3-carros-3-4-sendo-1-suite-closet-1316788816
"Apartamento, Edifício Prime, 2 4 sendo 1 suíte",450000.0,Atras Da Banca,64.0,1,2,1,venda,OLX,https://pe.olx.com.br/regiao-de-petrolina-e-garanhuns/imoveis/apartamento-edificio-prime-2-4-sendo-1-suite-1316788817
"Casa com 3 suítes à venda, Quarto de hóspede, escritório no BUONA VITA",1350000.0,Loteamento Recife,240.0,1,4,2,venda,OLX,https://pe.olx.com.br/regiao-de-petrolina-e-garanhuns/imoveis/casa-com-3-suites-a-venda-quarto-de-hospede-escritorio-no-buona-vita-1316788819
"Casa 3 quartos, sendo dois suítes, Área gourmet com churrasqueira",900000.0,Jatoba,218.0,1,3,2,venda,OLX,https://pe.olx.com.br/regiao-de-petrolina-e-garanhuns/imoveis/casa-3-quartos-sendo-dois-suites-area-gourmet-com-churrasqueira-1316788833
"Casa à venda no bairro Padre Cicero, 3 quartos, sendo 01 suíte, Petrolina-PE",420000.0,Joao De Deus,94.0,2,2,,venda,OLX,https://pe.olx.com.br/regiao-de-petrolina-e-garanhuns/imoveis/casa-a-venda-no-bairro-padre-cicero-3-quartos-sendo-01-suite-petrolina-pe-1316788790
"Casa à venda no Caminho do Sol, 3 4, sendo 01 suíte, escritório, piscina",800000.0,Caminho Do Sol,160.0,2,2,4,venda,OLX,https://pe.olx.com.br/regiao-de-petrolina-e-garanhuns/imoveis/casa-a-venda-no-caminho-do-sol-3-4-sendo-01-suite-escritorio-piscina-1316788794
"Casa com 3 dormitórios para locação, Jatobá, PETROLINA - PE",312000.0,Jatoba,65.0,2,2,1,venda,OLX,https://pe.olx.com.br/regiao-de-petrolina-e-garanhuns/imoveis/casa-com-3-dormitorios-para-locacao-jatoba-petrolina-pe-1316788802
"Casa, bairro Caminho do sol, 3 quartos, sendo 02 suítes, uma com closet",1800000.0,Caminho Do Sol,250.0,1,3,3,venda,OLX,https://pe.olx.com.br/regiao-de-petrolina-e-garanhuns/imoveis/casa-bairro-caminho-do-sol-3-quartos-sendo-02-suites-uma-com-closet-1316788808
"Casa à venda, no Brisas do Rio com Três quartos, piscina, jardim, muito verde",1350000.0,,220.0,3,3,,venda,OLX,https://pe.olx.com.br/regiao-de-petrolina-e-garanhuns/imoveis/casa-a-venda-no-brisas-do-rio-com-tres-quartos-piscina-jardim-muito-verde-1316788720
"Casa na Vila Eduardo, 3 quartos, sendo dois suítes, uma com closet",1500000.0,Vila Eduardo,450.0,3,3,,venda,OLX,https://pe.olx.com.br/regiao-de-petrolina-e-garanhuns/imoveis/casa-na-vila-eduardo-3-quartos-sendo-dois-suites-uma-com-closet-1316788736
"Aparteamento com sala ampla, 4 quartos, sendo 02 suítes, 02 varandas.",1600000.0,Sao Jose,180.0,2,3,2,venda,OLX,https://pe.olx.com.br/regiao-de-petrolina-e-garanhuns/imoveis/aparteamento-com-sala-ampla-4-quartos-sendo-02-suites-02-varandas-1316788741
"Apartamento, Condomínio Edifício José Mororó, 3 quartos, sendo uma suíte",800000.0,Centro,94.0,2,3,1,venda,OLX,https://pe.olx.com.br/regiao-de-petrolina-e-garanhuns/imoveis/apartamento-condominio-edificio-jose-mororo-3-quartos-sendo-uma-suite-1316788762
"3 Suítes, sendo a master ampla com closet e banheira, Piscina com ducha e deck",2500000.0,Centro,333.0,3,4,2,venda,OLX,https://pe.olx.com.br/regiao-de-petrolina-e-garanhuns/imoveis/3-suites-sendo-a-master-ampla-com-closet-e-banheira-piscina-com-ducha-e-deck-1316788783
"Apartamento à venda, orla, PETROLINA - PE",640000.0,Atras Da Banca,65.0,2,2,,venda,OLX,https://pe.olx.com.br/regiao-de-petrolina-e-garanhuns/imoveis/apartamento-a-venda-orla-petrolina-pe-1316788612
"Venda, Casa, Bairro Vale Dourado, 3 Quartos sendo uma suíte com Closet",440000.0,Joao De Deus,131.0,2,2,3,venda,OLX,https://pe.olx.com.br/regiao-de-petrolina-e-garanhuns/imoveis/venda-casa-bairro-vale-dourado-3-quartos-sendo-uma-suite-com-closet-1316788613
"Casa para fins comerciais, 12x25, 03 cômodos, 02 salas, 02 wcs",965000.0,Loteamento Recife,210.0,3,2,,venda,OLX,https://pe.olx.com.br/regiao-de-petrolina-e-garanhuns/imoveis/casa-para-fins-comerciais-12x25-03-comodos-02-salas-02-wc-s-1316788614
"Venda, Bairro Vila dos Ingás II, São 4/4, sendo 02 suítes, 15x21,5(322m)",1500000.0,Vila Dos Ingas Ii,260.0,4,3,,venda,OLX,https://pe.olx.com.br/regiao-de-petrolina-e-garanhuns/imoveis/venda-bairro-vila-dos-ingas-ii-sao-4-4-sendo-02-suites-15x21-5-322m-1316788622
"Venda, Apartamento, Cidade Universitária, 3 quartos, sendo 02 suítes, garagem 02",520000.0,Vila Moco,100.0,1,3,2,venda,OLX,https://pe.olx.com.br/regiao-de-petrolina-e-garanhuns/imoveis/venda-apartamento-cidade-universitaria-3-quartos-sendo-02-suites-garagem-02-1316788635
"Venda, Condomínio Alphaville, 310M2 de área construída",2550000.0,Boa Esperanca,310.0,4,4,,venda,OLX,https://pe.olx.com.br/regiao-de-petrolina-e-garanhuns/imoveis/venda-condominio-alphaville-310m2-de-area-construida-1316788660
"Venda, Casa, Bairro São José, 3 4, sendo um suíte, piscina, garagem 2 3 carros.",1300000.0,Centro,160.0,2,2,,venda,OLX,https://pe.olx.com.br/regiao-de-petrolina-e-garanhuns/imoveis/venda-casa-bairro-sao-jose-3-4-sendo-um-suite-piscina-garagem-2-3-carros-1316788668
"Casa á venda no Eco Spa, 4 suítes, Piscina, Área gourmet com churrasqueira",1600000.0,Centro,200.0,4,5,,venda,OLX,https://pe.olx.com.br/regiao-de-petrolina-e-garanhuns/imoveis/casa-a-venda-no-eco-spa-4-suites-piscina-area-gourmet-com-churrasqueira-1316788670
"Venda, Bairro Jatobá, 65m , São 3 4, sendo 01 suíte",315000.0,Jatoba,65.0,2,2,,venda,OLX,https://pe.olx.com.br/regiao-de-petrolina-e-garanhuns/imoveis/venda-bairro-jatoba-65m-sao-3-4-sendo-01-suite-1316788674
"Venda, Casa, Bairro Padre Cicero, 1 suíte grande com closet, 2 quartos social",365000.0,Joao De Deus,106.0,2,2,3,venda,OLX,https://pe.olx.com.br/regiao-de-petrolina-e-garanhuns/imoveis/venda-casa-bairro-padre-cicero-1-suite-grande-com-closet-2-quartos-social-1316788682
"Venda, Casa, Bairro Caminho do Sol, dois pavimentos, moveis planejados, 4 quarto",1500000.0,Caminho Do Sol,250.0,3,3,4,venda,OLX,https://pe.olx.com.br/regiao-de-petrolina-e-garanhuns/imoveis/venda-casa-bairro-caminho-do-sol-dois-pavimentos-moveis-planejados-4-quarto-1316788532
"Casa Duplex, 04 Quartos, Sala de Estar, Sala de Jantar, 03 vagas de garagem, áre",1200000.0,Palhinhas,130.0,2,3,3,venda,OLX,https://pe.olx.com.br/regiao-de-petrolina-e-garanhuns/imoveis/casa-duplex-04-quartos-sala-de-estar-sala-de-jantar-03-vagas-de-garagem-are-1316788550
"Casa à venda no Cond. Buona Vita, 3 quartos, sendo 2 suítes, Petrolina-PE",1500000.0,Loteamento Recife,180.0,1,3,1,venda,OLX,https://pe.olx.com.br/regiao-de-petrolina-e-garanhuns/imoveis/casa-a-venda-no-cond-buona-vita-3-quartos-sendo-2-suites-petrolina-pe-1316788563
"Casa à venda, Dom Avelar, 3 quartos, Wc social, Sala, Cozinha com planejados",245000.0,Dom Avelar,72.0,3,1,,venda,OLX,https://pe.olx.com.br/regiao-de-petrolina-e-garanhuns/imoveis/casa-a-venda-dom-avelar-3-quartos-wc-social-sala-cozinha-com-planejados-1316788574
"Venda, apartamento, 3 4, sendo um suíte, Com Elevador",450000.0,Gercino Coelho,110.0,2,2,1,venda,OLX,https://pe.olx.com.br/regiao-de-petrolina-e-garanhuns/imoveis/venda-apartamento-3-4-sendo-um-suite-com-elevador-1316788594
"Apartamento à venda, orla, PETROLINA - PE",650000.0,Centro,135.0,3,3,,venda,OLX,https://pe.olx.com.br/regiao-de-petrolina-e-garanhuns/imoveis/apartamento-a-venda-orla-petrolina-pe-1316788514
"Venda, Casa, Bairro Areia Branca, Sala ampla, 5 4, sendo 01 suíte",850000.0,Areia Branca,160.0,4,3,2,venda,OLX,https://pe.olx.com.br/regiao-de-petrolina-e-garanhuns/imoveis/venda-casa-bairro-areia-branca-sala-ampla-5-4-sendo-01-suite-1316788516
Luxuosa Casa de 4 Quartos com Piscina e Vista para o Rio São Francisco Petrolina,1700000.0,Centro,220.0,4,4,2,venda,OLX,https://pe.olx.com.br/regiao-de-petrolina-e-garanhuns/imoveis/luxuosa-casa-de-4-quartos-com-piscina-e-vista-para-o-rio-sao-francisco-petrolina-1316213046
Apartamento para venda com 57 metros quadrados com 2 quartos em Antônio Cassimiro - Petrol,388900.0,Antonio Cassimiro,57.0,2,2,1,venda,OLX,https://pe.olx.com.br/regiao-de-petrolina-e-garanhuns/imoveis/apartamento-para-venda-com-57-metros-quadrados-com-2-quartos-em-antonio-cassimiro-petrol-1305273685
Apartamento cobertura Orla II,1500000.0,Atras Da Banca,10.0,3,3,2,venda,OLX,https://pe.olx.com.br/regiao-de-petrolina-e-garanhuns/imoveis/apartamento-cobertura-orla-ii-1297264588
Unique Residence,717976.0,Atras Da Banca,76.0,2,3,5,venda,OLX,https://pe.olx.com.br/regiao-de-petrolina-e-garanhuns/imoveis/unique-residence-1294488633
Sol Nascente II,930000.0,Vila Eduardo,200.0,3,2,2,venda,OLX,https://pe.olx.com.br/regiao-de-petrolina-e-garanhuns/imoveis/sol-nascente-ii-1292547997
Casa de condomínio para venda possui 380 metros quadrados com 4 quartos,1150000.0,Cidade Universitaria,290.0,4,4,2,venda,OLX,https://pe.olx.com.br/regiao-de-petrolina-e-garanhuns/imoveis/casa-de-condominio-para-venda-possui-380-metros-quadrados-com-4-quartos-1291639650
"Apartamento à venda, 3 quartos, 1 suíte, 1 vaga, EDF. PIERRE RAMOS - Petrolina/PE",350000.0,Caminho Do Sol,85.0,3,3,1,venda,OLX,https://pe.olx.com.br/regiao-de-petrolina-e-garanhuns/imoveis/apartamento-a-venda-3-quartos-1-suite-1-vaga-edf-pierre-ramos-petrolina-pe-1285358326
"Casa à venda, 2 quartos, 1 vaga, NOVA VIDA 1 - Petrolina/PE",130000.0,Joao De Deus,80.0,2,1,1,venda,OLX,https://pe.olx.com.br/regiao-de-petrolina-e-garanhuns/imoveis/casa-a-venda-2-quartos-1-vaga-nova-vida-1-petrolina-pe-1278774471
"Casa à venda, 3 quartos, 3 vagas, Maria Auxiliadora - Petrolina/PE",400000.0,Maria Auxiliadora,350.0,3,1,3,venda,OLX,https://pe.olx.com.br/regiao-de-petrolina-e-garanhuns/imoveis/casa-a-venda-3-quartos-3-vagas-maria-auxiliadora-petrolina-pe-1262834189
CASA CONDOMÍNIO PORTAL DAS ÁGUAS,2800000.0,Pedra Do Bode,800.0,3,4,4,venda,OLX,https://pe.olx.com.br/regiao-de-petrolina-e-garanhuns/imoveis/casa-condominio-portal-das-aguas-1237812381
Edifício Residencial Villa Residence em Petrolina-PE: Apartamentos de 2 e 3 Quartos,551150.0,Vila Eduardo,73.0,2,1,1,venda,OLX,https://pe.olx.com.br/regiao-de-petrolina-e-garanhuns/imoveis/edificio-residencial-villa-residence-em-petrolina-pe-apartamentos-de-2-e-3-quartos-1180491501
Casa para venda  - Petrolina - PE,1200000.0,Vila Moco,500.0,5,5,4,venda,OLX,https://pe.olx.com.br/regiao-de-petrolina-e-garanhuns/imoveis/casa-para-venda-petrolina-pe-1139953711
BUONA VITA - CASA BROWN,1100000.0,Boa Esperanca,200.0,3,3,0,venda,A7 Imobiliaria,imovel-buona-vita-casa-brown-238
EDIFÍCIO RIO GOROTUBA - APARTAMENTO TODO REFORMADO,790000.0,Orla,,4,3,0,venda,A7 Imobiliaria,imovel-edificio-rio-gorotuba-apartamento-todo-reformado-236
ESTELA MÁRCIA -  CASA ESPAÇOSA,390000.0,Padre Cicero,,3,3,1,venda,A7 Imobiliaria,imovel-estela-marcia-casa-espacosa-235
APARTAMENTO COM EXCELENTE LOCALIZAÇÃO NO BAIRRO SÃO JOSÉ,350000.0,Sao Jose,,3,2,0,venda,A7 Imobiliaria,imovel-apartamento-com-excelente-localizacao-no-bairro-sao-jose-234
CONDOMINIO VALE SÃO FRANCISCO - CASA PLANEJADA,630000.0,Jardim Guararapes,,3,4,0,venda,A7 Imobiliaria,imovel-condominio-vale-sao-francisco-casa-planejada-233
BUONA VITA - CASA TURIM,1650000.0,Boa Esperanca,,4,3,1,venda,A7 Imobiliaria,imovel-buona-vita-casa-turim-232
ALPHAVILLE - CASA VALOR,1900000.0,Boa Esperanca,,3,4,0,venda,A7 Imobiliaria,imovel-alphaville-casa-valor-231
EDIFICIO ATHOS VILLE,690000.0,Estadio,,3,2,2,venda,A7 Imobiliaria,imovel-edificio-athos-ville-230
CONDOMÍNIO VALLE DOS COQUEIROS,270000.0,Jardim Guararapes,,2,1,0,venda,A7 Imobiliaria,imovel-condominio-valle-dos-coqueiros-228
DOM RESIDENCIAL EM JUAZEIRO,130000.0,Quide,,2,1,0,venda,A7 Imobiliaria,imovel-dom-residencial-em-juazeiro-227
ALPHAVILLE -  Casa Porteira Fechada,2450000.0,Boa Esperanca,300.0,4,5,1,venda,A7 Imobiliaria,imovel-alphaville-casa-porteira-fechada-226
Portal das Águas - Casa Espaço,1500000.0,Pedra Do Bode,,3,2,1,venda,A7 Imobiliaria,imovel-portal-das-aguas-casa-espaco-225
EPIC RESIDENCIAL,399830.52,Centro,,0,0,0,venda,A7 Imobiliaria,imovel-epic-residencial-224
PARADISO VIDA BELA,349900.0,Antonio Cassimiro,,0,0,0,venda,A7 Imobiliaria,imovel-paradiso-vida-bela-223
CONDOMÍNIO ENCONTRO DAS ÁGUAS - OPORTUNIDADES DE LOTES,200000.0,Jardim Guararapes,200.0,0,0,0,venda,A7 Imobiliaria,imovel-condominio-encontro-das-aguas-oportunidades-de-lotes-222
VALLE DOS COQUEIROS - APARTAMENTO,270000.0,Jardim Guararapes,,2,2,1,venda,A7 Imobiliaria,imovel-valle-dos-coqueiros-apartamento-221
VILA OASIS,228000.0,Parque Petrolina,106.66,2,1,0,venda,A7 Imobiliaria,imovel-vila-oasis-220
CONDOMINIO BUONA VITA - CASA LAZER,1200000.0,Boa Esperanca,200.0,3,4,0,venda,A7 Imobiliaria,imovel-condominio-buona-vita-casa-lazer-219
HORTO CONDOMÍNIO CLUB -  SEGUNDA ETAPA,508000.0,Boa Esperanca,,0,0,0,venda,A7 Imobiliaria,imovel-horto-condominio-club-segunda-etapa-216
CONDOMÍNIO FLOR DO GUARUJÁ - CASA DUPLEX ORIGINAL,510000.0,Jardim Guararapes,,3,4,0,venda,A7 Imobiliaria,imovel-condominio-flor-do-guaruja-casa-duplex-original-215
RESERVA DAS PALMEIRAS,568962.0,Boa Esperanca,,3,2,0,venda,A7 Imobiliaria,imovel-reserva-das-palmeiras-213
BAIRRO PADRE CICERO - CASA LINDA À VENDA,450000.0,Padre Cicero,200.0,3,3,1,venda,A7 Imobiliaria,imovel-bairro-padre-cicero-casa-linda-a-venda-212
ALPHAVILLE - CASA SOFISTIC,1790000.0,Boa Esperanca,,4,4,1,venda,A7 Imobiliaria,imovel-alphaville-casa-sofistic-211
CHATEAU LAFITE - PORTEIRA FECHADA,1600000.0,Orla,,3,3,1,venda,A7 Imobiliaria,imovel-chateau-lafite-porteira-fechada-210
PETRUS - APTO REFORMADO,800000.0,Orla,,3,3,1,venda,A7 Imobiliaria,imovel-petrus-apto-reformado-209
BAIRRO DOM AVELAR - DUPLEX,290000.0,Dom Avelar,,2,3,1,venda,A7 Imobiliaria,imovel-bairro-dom-avelar-duplex-208
"BUONA VITA - IMÓVEL NOVO, PRONTO PARA SER SEU!",1500000.0,Boa Esperanca,200.0,4,5,1,venda,A7 Imobiliaria,"imovel-buona-vita-imovel-novo,-pronto-para-ser-seu!-207"
Petrus Exclusivo,800000.0,Orla,,3,2,1,venda,A7 Imobiliaria,imovel-petrus-exclusivo-205
CASA JACUZZI - LOT. NOVA PETROLINA,1000000.0,Sao Goncalo,,4,5,1,venda,A7 Imobiliaria,imovel-casa-jacuzzi-lot.-nova-petrolina-204
OPORTUNIDADE NO CONDOMÍNIO MORADA NOVA MAIS VIVER,220000.0,Antonio Cassimiro,,2,1,0,venda,A7 Imobiliaria,imovel-oportunidade-no-condominio-morada-nova-mais-viver-203
Edifício Chateau de La Riviere - Unidades com 3 ou 4 quartos,1700000.0,Orla,,4,3,0,venda,A7 Imobiliaria,imovel-edificio-chateau-de-la-riviere-unidades-com-3-ou-4-quartos-202
CASA CARMEM COND. SOL NASCENTE ETAPAS,1400000.0,Cidade Universitaria,200.0,4,3,0,venda,A7 Imobiliaria,imovel-casa-carmem-cond.-sol-nascente-etapas-201
CASA IA COND. BUONA VITA,1200000.0,Boa Esperanca,,3,4,0,venda,A7 Imobiliaria,imovel-casa-ia-cond.-buona-vita-199
ALPHAVILLE - CASA CONECTA,2970000.0,Boa Esperanca,300.0,5,5,0,venda,A7 Imobiliaria,imovel-alphaville-casa-conecta-198
Buona Vita - Imóvel disponivel para venda,1070000.0,Boa Esperanca,200.0,3,2,0,venda,A7 Imobiliaria,imovel-buona-vita-imovel-disponivel-para-venda-196
LOTE NASCENTE NO CONDOMÍNIO SOL NASCENTE ORLA,550000.0,Fernando Idalino,,0,0,0,venda,A7 Imobiliaria,imovel-lote-nascente-no-condominio-sol-nascente-orla-192
LOTEAMENTO VALE DOS IPÊS,88113.25,Br-428 Saida Recife,,0,0,0,venda,A7 Imobiliaria,imovel-loteamento-vale-dos-ipes-191
CASA À VENDA NO BAIRRO CAMINHO DO SOL (ENERGIA SOLAR),520000.0,Caminho Do Sol,200.0,3,2,1,venda,A7 Imobiliaria,imovel-casa-a-venda-no-bairro-caminho-do-sol-(energia-solar)-190
APARTAMENTO NO EDIFÍCIO MONTE SINAI,1100000.0,Atras Da Banca,,4,3,0,venda,A7 Imobiliaria,imovel-apartamento-no-edificio-monte-sinai-189
Edifício Rio Vitória,400000.0,Vila Moco,,3,2,1,venda,A7 Imobiliaria,imovel-edificio-rio-vitoria-187
AGROCENTRO,204400.0,Alto Da Alianca,300.0,0,0,0,venda,A7 Imobiliaria,imovel-agrocentro-185
APTO LINDO NO RESIDENCIAL VERONA,480000.0,Atras Da Banca,,3,2,1,venda,A7 Imobiliaria,imovel-apto-lindo-no-residencial-verona-184
RIVER ONE,530000.0,Centro,,0,0,0,venda,A7 Imobiliaria,imovel-river-one-183
APARTAMENTO NO COND. RIO GUARÁ,300000.0,Atras Da Banca,,3,2,1,venda,A7 Imobiliaria,imovel-apartamento-no-cond.-rio-guara-182
Casa excelente no bairro Caminho do Sol,550000.0,Caminho Do Sol,,3,2,1,venda,A7 Imobiliaria,imovel-casa-excelente-no-bairro-caminho-do-sol-181
CASA PERFEITA NO CONDOMÍNIO CAMPOS DO CONDE,750000.0,Br-428 Saida Recife,,3,2,1,venda,A7 Imobiliaria,imovel-casa-perfeita-no-condominio-campos-do-conde-180
OASIS RESIDENCE,258807.66,Gercino Coelho,,3,2,0,venda,A7 Imobiliaria,imovel-oasis-residence-177
Vende-se Lotes no Condomínio Buona Vita - Nascente e/ou Poentes,295000.0,Boa Esperanca,200.0,0,0,0,venda,A7 Imobiliaria,imovel-vende-se-lotes-no-condominio-buona-vita-nascente-eou-poentes-171
APARTAMENTO CENTRALIZADO EM PETROLINA,420000.0,Centro,,3,2,0,venda,A7 Imobiliaria,imovel-apartamento-centralizado-em-petrolina-169
APARTAMENTOS NA ORLA DE PETROLINA,2147791.91,Orla Ii,,4,5,0,venda,A7 Imobiliaria,imovel-apartamentos-na-orla-de-petrolina-164
CONDOMÍNIO ENCONTRO DAS ÁGUAS,1480000.0,Jardim Guararapes,,4,5,0,venda,A7 Imobiliaria,imovel-condominio-encontro-das-aguas-160
CASA BELLA STUDIOS E APARTAMENTOS COM 2/4,281128.0,Cidade Universitaria,50.0,0,0,0,venda,A7 Imobiliaria,imovel-casa-bella-studios-e-apartamentos-com-24-157
LOTEAMENTO NOVA PETROLINA,76666.59,Jardim Guararapes,311.0,0,0,0,venda,A7 Imobiliaria,imovel-loteamento-nova-petrolina-154
VISUS STAY,360000.0,Orla,,0,0,0,venda,A7 Imobiliaria,imovel-visus-stay-152
AV. SETE DE SETEMBRO - GALPÃO DISPONÍVEL PARA VENDA,3000000.0,Areia Branca,750.0,0,0,0,venda,A7 Imobiliaria,imovel-av.-sete-de-setembro-galpao-disponivel-para-venda-151
Bairro São José - Lote à Venda,1200000.0,Sao Jose,440.0,0,0,0,venda,A7 Imobiliaria,imovel-bairro-sao-jose-lote-a-venda-150
PETRUS EXCLUSIVO,800000.0,Orla,,3,2,1,venda,A7 Imobiliaria,imovel-petrus-exclusivo-148
OPORTUNIDADE DE LOTE À VENDA EM LOCALIZAÇÃO ESPETACULAR,4000000.0,Sao Jose,2000.0,0,0,0,venda,A7 Imobiliaria,imovel-oportunidade-de-lote-a-venda-em-localizacao-espetacular-147
Condomínio Summerville - Casa linda,2050000.0,Fernando Idalino,245.0,3,4,0,venda,A7 Imobiliaria,imovel-condominio-summerville-casa-linda-146
Bairro Padre José de Castro - Imóvel,260000.0,Padre Jose De Castro,100.0,3,2,1,venda,A7 Imobiliaria,imovel-bairro-padre-jose-de-castro-imovel-145
IBIS BUDJET,465267.0,Sao Jose,,1,1,0,venda,A7 Imobiliaria,imovel-ibis-budjet-144
POSITANO ECO RESIDENCE,348750.0,Jardim Guararapes,225.0,0,0,0,venda,A7 Imobiliaria,imovel-positano-eco-residence-142
ALPHAVILLE  - LOTE BEM LOCALIZADO,480000.0,Boa Esperanca,300.0,0,0,0,venda,A7 Imobiliaria,imovel-alphaville-lote-bem-localizado-141
ECO SPA - CASA ESPETACULAR,2190000.0,Boa Esperanca,570.0,4,5,1,venda,A7 Imobiliaria,imovel-eco-spa-casa-espetacular-140
Bairro Topázio - CASA,300000.0,Topazio,128.0,3,2,0,venda,A7 Imobiliaria,imovel-bairro-topazio-casa-139
Chateau de La Riviere,1700000.0,Orla,,4,4,0,venda,A7 Imobiliaria,imovel-chateau-de-la-riviere-137
ELEVATTO MAIS VIVER,200000.0,Antonio Cassimiro,,2,1,0,venda,A7 Imobiliaria,imovel-elevatto-mais-viver-136
Condomínio Prime - Segunda Etapa Lotes,479000.0,Cidade Universitaria,230.0,0,0,0,venda,A7 Imobiliaria,imovel-condominio-prime-segunda-etapa-lotes-134
CONDOMÍNIO  RESERVA VALLER,420901.91,Boa Esperanca,275.0,0,0,0,venda,A7 Imobiliaria,imovel-condominio-reserva-valler-133
VITAE - CENTRO EMPRESARIAL,380000.0,Sao Jose,,0,0,0,venda,A7 Imobiliaria,imovel-vitae-centro-empresarial-132
Sol Nascente Etapas -  Imóvel Pronto,900000.0,Cidade Universitaria,200.0,4,5,0,venda,A7 Imobiliaria,imovel-sol-nascente-etapas-imovel-pronto-129
BAIRRO JOSÉ E MARIA - VENDA OU ALUGUEL,390000.0,Jose E Maria,100.0,3,2,0,venda,A7 Imobiliaria,imovel-bairro-jose-e-maria-venda-ou-aluguel-128
Alphaville - Casa Luz,1850000.0,Boa Esperanca,,5,6,0,venda,A7 Imobiliaria,imovel-alphaville-casa-luz-123
Apartamento incrível no Centro de Petrolina,620000.0,Centro,,3,2,0,venda,A7 Imobiliaria,imovel-apartamento-incrivel-no-centro-de-petrolina-122
Residencial Pedra Linda,237000.0,Pedra Linda,152.0,2,1,0,venda,A7 Imobiliaria,imovel-residencial-pedra-linda-120
HAUS MITRE STATION - MOEMA,429000.0,Moema,,1,1,0,venda,A7 Imobiliaria,imovel-haus-mitre-station-moema-118
Buona Vita -  Casa Ripada,1400000.0,Boa Esperanca,200.0,3,4,0,venda,A7 Imobiliaria,imovel-buona-vita-casa-ripada-116
Condomínio Park Jatobá - Imóvel Espetacular,1800000.0,Fernando Idalino,415.0,3,4,2,venda,A7 Imobiliaria,imovel-condominio-park-jatoba-imovel-espetacular-115
OASIS PRIME,232000.0,Portal Da Cidade,47.0,2,2,1,venda,A7 Imobiliaria,imovel-oasis-prime-111
VALE DO CANIDÉ,325000.0,Jardim Guararapes,148.0,3,2,0,venda,A7 Imobiliaria,imovel-vale-do-canide-108
Buona Vita - Exclusiva casa IA,1200000.0,Br-428 Saida Recife,200.0,3,4,0,venda,A7 Imobiliaria,imovel-buona-vita-exclusiva-casa-ia-107
Condomínio Summervile - imóvel,2700000.0,Jatoba,467.0,4,5,0,venda,A7 Imobiliaria,imovel-condominio-summervile-imovel-105
Condomínio Sol Nascenter Etapas,1690000.0,Cidade Universitaria,358.0,4,5,0,venda,A7 Imobiliaria,imovel-condominio-sol-nascenter-etapas-101
Sol Nascente Etapas - IMÓVEL,1000000.0,Cidade Universitaria,200.0,3,2,0,venda,A7 Imobiliaria,imovel-sol-nascente-etapas-imovel-99
Edifício Residencial Villa Residence,619100.0,Sao Jose,,0,0,0,venda,A7 Imobiliaria,imovel-edificio-residencial-villa-residence-97
Casa no Bairro Padre Cícero,480000.0,Padre Cicero,200.0,4,4,0,venda,A7 Imobiliaria,imovel-casa-no-bairro-padre-cicero-96
Casa na Orla em Petrolina,1400000.0,Orla,200.0,3,3,0,venda,A7 Imobiliaria,imovel-casa-na-orla-em-petrolina-95
Edifício Monte Castelo,800000.0,Orla Ii,,4,4,1,venda,A7 Imobiliaria,imovel-edificio-monte-castelo-91
Alphaville - Casa de esquina,2700000.0,Boa Esperanca,322.0,4,5,1,venda,A7 Imobiliaria,imovel-alphaville-casa-de-esquina-82
Vita Plaza - APTO,620000.0,Atras Da Banca,,3,2,0,venda,A7 Imobiliaria,imovel-vita-plaza-apto-78
Eco Spa - IMÓVEL BELÍSSIMO,3000000.0,Boa Esperanca,450.0,5,6,4,venda,A7 Imobiliaria,imovel-eco-spa-imovel-belissimo-69
Casa à venda no Condomínio Summerville,2200000.0,Fernando Idalino,275.0,4,5,0,venda,A7 Imobiliaria,imovel-casa-a-venda-no-condominio-summerville-67
Terreno no Bairro Areia Branca,300000.0,Areia Branca,200.0,0,0,0,venda,A7 Imobiliaria,imovel-terreno-no-bairro-areia-branca-47
Centro de Petrolina - TERRENO,550000.0,Centro,260.0,0,0,0,venda,A7 Imobiliaria,imovel-centro-de-petrolina-terreno-46
Edifício Gran Tarapacá,760000.0,Orla Ii,,3,4,0,venda,A7 Imobiliaria,imovel-edificio-gran-tarapaca-43
Edifício Dona Beta,498800.0,Palhinhas,,3,2,0,venda,A7 Imobiliaria,imovel-edificio-dona-beta-42
Alphaville -  Casa Esplendor,2550000.0,Boa Esperanca,,4,5,2,venda,A7 Imobiliaria,imovel-alphaville-casa-esplendor-35
Horto Condomínio Club,420000.0,Boa Esperanca,,0,0,0,venda,A7 Imobiliaria,imovel-horto-condominio-club-30
Por do Sol Mais Viver,187399.0,Antonio Cassimiro,,2,1,1,venda,A7 Imobiliaria,imovel-por-do-sol-mais-viver-28
SOL NASCENTE ETAPAS - CASA,2200000.0,Cidade Universitaria,,5,6,1,venda,A7 Imobiliaria,imovel-sol-nascente-etapas-casa-25
Chateau Du Souzy,2400000.0,Orla,,3,4,2,venda,A7 Imobiliaria,imovel-chateau-du-souzy-21
OASIS VILLAGE,462064.5,Padre Cicero,1.0,3,2,1,venda,A7 Imobiliaria,imovel-oasis-village-15
Colinas bella vista,300000.0,Boa Esperanca,276.0,0,0,0,venda,A7 Imobiliaria,imovel-colinas-bella-vista-13
Portal das Águas - IMÓVEL,3000000.0,Pedra Do Bode,400.0,6,6,0,venda,A7 Imobiliaria,imovel-portal-das-aguas-imovel-9
Unique Residence,751760.0,Orla Ii,,2,2,2,venda,A7 Imobiliaria,imovel-unique-residence-7
Alta Vista Mais Viver,195000.16,Antonio Cassimiro,,0,1,1,venda,A7 Imobiliaria,imovel-alta-vista-mais-viver-6
Vida Bela Petrolina,277900.09,Antonio Cassimiro,57.0,2,2,1,venda,A7 Imobiliaria,imovel-vida-bela-petrolina-5
